,date,post_oil
1,2009-11-25,75.35
2,2009-11-27,76.57
3,2009-11-30,76.0
4,2009-12-01,77.77
5,2009-12-02,78.68
6,2009-12-03,76.96
7,2009-12-04,77.76
8,2009-12-07,77.74
9,2009-12-08,76.18
10,2009-12-09,74.93
11,2009-12-10,73.63
12,2009-12-11,70.91
13,2009-12-14,70.07
14,2009-12-15,71.19
15,2009-12-16,71.33
16,2009-12-17,73.34
17,2009-12-18,71.28
18,2009-12-21,71.87
19,2009-12-22,72.74
20,2009-12-23,71.64
21,2009-12-24,73.87
22,2009-12-28,75.15
23,2009-12-29,76.59
24,2009-12-30,76.65
25,2009-12-31,77.62
26,2010-01-04,77.91
27,2010-01-05,79.05
28,2010-01-06,79.27
29,2010-01-07,80.14
30,2010-01-08,80.57
31,2010-01-11,80.06
32,2010-01-12,80.14
33,2010-01-13,79.38
34,2010-01-14,77.57
35,2010-01-15,77.61
36,2010-01-19,76.85
37,2010-01-20,75.18
38,2010-01-21,75.09
39,2010-01-22,74.13
40,2010-01-25,72.73
41,2010-01-26,72.18
42,2010-01-27,72.63
43,2010-01-28,72.75
44,2010-01-29,70.65
45,2010-02-01,71.2
46,2010-02-02,71.58
47,2010-02-03,73.94
48,2010-02-04,75.77
49,2010-02-05,71.3
50,2010-02-08,70.11
51,2010-02-09,69.62
52,2010-02-10,70.4
53,2010-02-11,70.4
54,2010-02-12,72.35
55,2010-02-16,71.49
56,2010-02-17,74.82
57,2010-02-18,74.89
58,2010-02-19,76.61
59,2010-02-22,76.88
60,2010-02-23,76.95
61,2010-02-24,76.44
62,2010-02-25,77.0
63,2010-02-26,74.38
64,2010-03-01,76.36
65,2010-03-02,76.07
66,2010-03-03,77.5
67,2010-03-04,78.66
68,2010-03-05,77.88
69,2010-03-08,79.2
70,2010-03-09,78.94
71,2010-03-10,78.77
72,2010-03-11,80.29
73,2010-03-12,79.44
74,2010-03-15,79.38
75,2010-03-16,77.08
76,2010-03-17,79.45
77,2010-03-18,80.28
78,2010-03-19,80.09
79,2010-03-22,78.37
80,2010-03-23,78.09
81,2010-03-24,79.17
82,2010-03-25,78.03
83,2010-03-26,78.64
84,2010-03-29,77.98
85,2010-03-30,79.89
86,2010-03-31,79.46
87,2010-04-01,80.37
88,2010-04-05,82.63
89,2010-04-06,84.48
90,2010-04-07,85.05
91,2010-04-08,84.49
92,2010-04-09,82.63
93,2010-04-12,82.77
94,2010-04-13,85.21
95,2010-04-14,83.44
96,2010-04-15,85.81
97,2010-04-16,86.9
98,2010-04-19,84.81
99,2010-04-20,83.09
100,2010-04-21,84.73
101,2010-04-22,84.55
102,2010-04-23,84.58
103,2010-04-26,86.09
104,2010-04-27,86.72
105,2010-04-28,85.59
106,2010-04-29,84.59
107,2010-04-30,86.82
108,2010-05-03,86.19
109,2010-05-04,88.09
110,2010-05-05,85.39
111,2010-05-06,82.31
112,2010-05-07,80.21
113,2010-05-10,76.48
114,2010-05-11,78.08
115,2010-05-12,79.0
116,2010-05-13,78.7
117,2010-05-14,79.41
118,2010-05-17,76.43
119,2010-05-18,73.87
120,2010-05-19,75.12
121,2010-05-20,71.86
122,2010-05-21,69.56
123,2010-05-24,70.45
124,2010-05-25,69.62
125,2010-05-26,67.18
126,2010-05-27,70.59
127,2010-05-28,73.56
128,2010-06-01,73.0
129,2010-06-02,73.08
130,2010-06-03,72.78
131,2010-06-04,73.12
132,2010-06-07,71.84
133,2010-06-08,71.09
134,2010-06-09,71.43
135,2010-06-10,73.68
136,2010-06-11,74.33
137,2010-06-14,73.28
138,2010-06-15,75.11
139,2010-06-16,75.29
140,2010-06-17,76.12
141,2010-06-18,77.52
142,2010-06-21,77.05
143,2010-06-22,78.53
144,2010-06-23,78.08
145,2010-06-24,75.22
146,2010-06-25,75.17
147,2010-06-28,76.21
148,2010-06-29,76.66
149,2010-06-30,74.21
150,2010-07-01,74.94
151,2010-07-02,71.73
152,2010-07-06,71.75
153,2010-07-07,73.08
154,2010-07-08,72.97
155,2010-07-09,74.56
156,2010-07-12,75.2
157,2010-07-13,74.35
158,2010-07-14,76.45
159,2010-07-15,76.63
160,2010-07-16,75.52
161,2010-07-19,75.55
162,2010-07-20,76.29
163,2010-07-21,76.31
164,2010-07-22,75.75
165,2010-07-23,77.59
166,2010-07-26,77.27
167,2010-07-27,77.9
168,2010-07-28,75.52
169,2010-07-29,76.66
170,2010-07-30,78.6
171,2010-08-02,77.5
172,2010-08-03,81.93
173,2010-08-04,83.6
174,2010-08-05,83.76
175,2010-08-06,82.9
176,2010-08-09,81.28
177,2010-08-10,81.54
178,2010-08-11,79.89
179,2010-08-12,77.83
180,2010-08-13,76.63
181,2010-08-16,75.14
182,2010-08-17,74.56
183,2010-08-18,76.74
184,2010-08-19,75.1
185,2010-08-20,74.84
186,2010-08-23,73.48
187,2010-08-24,73.08
188,2010-08-25,70.61
189,2010-08-26,70.74
190,2010-08-27,74.5
191,2010-08-30,75.16
192,2010-08-31,76.05
193,2010-09-01,75.51
194,2010-09-02,75.53
195,2010-09-03,74.93
196,2010-09-07,75.03
197,2010-09-08,75.78
198,2010-09-09,77.48
199,2010-09-10,77.87
200,2010-09-13,77.54
201,2010-09-14,78.52
202,2010-09-15,78.89
203,2010-09-16,78.46
204,2010-09-17,78.89
205,2010-09-20,77.43
206,2010-09-21,79.42
207,2010-09-22,78.76
208,2010-09-23,77.29
209,2010-09-24,77.69
210,2010-09-27,78.73
211,2010-09-28,77.71
212,2010-09-29,79.14
213,2010-09-30,78.79
214,2010-10-01,80.77
215,2010-10-04,82.69
216,2010-10-05,83.42
217,2010-10-06,83.35
218,2010-10-07,85.01
219,2010-10-08,83.67
220,2010-10-11,83.88
221,2010-10-12,83.08
222,2010-10-13,82.99
223,2010-10-14,84.01
224,2010-10-15,83.55
225,2010-10-18,81.94
226,2010-10-19,82.3
227,2010-10-20,81.12
228,2010-10-21,81.68
229,2010-10-22,81.28
230,2010-10-25,80.75
231,2010-10-26,81.91
232,2010-10-27,82.62
233,2010-10-28,81.27
234,2010-10-29,82.97
235,2010-11-01,82.47
236,2010-11-02,84.06
237,2010-11-03,84.71
238,2010-11-04,85.33
239,2010-11-05,86.83
240,2010-11-08,87.05
241,2010-11-09,87.15
242,2010-11-10,87.93
243,2010-11-11,87.92
244,2010-11-12,88.08
245,2010-11-15,86.07
246,2010-11-16,85.49
247,2010-11-17,83.98
248,2010-11-18,83.36
249,2010-11-19,83.7
250,2010-11-22,83.17
251,2010-11-23,82.34
252,2010-11-24,82.37
253,2010-11-26,84.53
254,2010-11-29,84.78
255,2010-11-30,85.9
256,2010-12-01,86.02
257,2010-12-02,88.56
258,2010-12-03,89.37
259,2010-12-06,90.65
260,2010-12-07,91.25
261,2010-12-08,90.78
262,2010-12-09,89.74
263,2010-12-10,89.93
264,2010-12-13,89.54
265,2010-12-14,90.4
266,2010-12-15,90.63
267,2010-12-16,91.33
268,2010-12-17,91.09
269,2010-12-20,91.11
270,2010-12-21,91.31
271,2010-12-22,93.11
272,2010-12-23,93.55
273,2010-12-27,93.63
274,2010-12-28,93.08
275,2010-12-29,93.52
276,2010-12-30,93.52
277,2010-12-31,92.5
278,2011-01-03,93.23
279,2011-01-04,95.82
280,2011-01-05,93.52
281,2011-01-06,95.07
282,2011-01-07,94.95
283,2011-01-10,94.25
284,2011-01-11,95.05
285,2011-01-12,96.8
286,2011-01-13,97.86
287,2011-01-14,97.86
288,2011-01-18,97.86
289,2011-01-19,97.83
290,2011-01-20,98.42
291,2011-01-21,96.27
292,2011-01-24,96.84
293,2011-01-25,96.76
294,2011-01-26,96.76
295,2011-01-27,96.04
296,2011-01-28,96.48
297,2011-01-31,97.06
298,2011-02-01,98.97
299,2011-02-02,100.4
300,2011-02-03,101.3
301,2011-02-04,101.69
302,2011-02-07,99.43
303,2011-02-08,99.44
304,2011-02-09,99.25
305,2011-02-10,100.16
306,2011-02-11,100.74
307,2011-02-14,99.93
308,2011-02-15,103.12
309,2011-02-16,102.48
310,2011-02-17,102.78
311,2011-02-18,103.45
312,2011-02-22,102.2
313,2011-02-23,106.82
314,2011-02-24,109.77
315,2011-02-25,113.91
316,2011-02-28,111.47
317,2011-03-01,112.27
318,2011-03-02,113.34
319,2011-03-03,116.89
320,2011-03-04,114.42
321,2011-03-07,115.71
322,2011-03-08,116.58
323,2011-03-09,112.32
324,2011-03-10,115.19
325,2011-03-11,114.07
326,2011-03-14,114.07
327,2011-03-15,112.95
328,2011-03-16,111.11
329,2011-03-17,110.96
330,2011-03-18,114.18
331,2011-03-21,114.13
332,2011-03-22,114.92
333,2011-03-23,115.63
334,2011-03-24,115.65
335,2011-03-25,115.41
336,2011-03-28,115.45
337,2011-03-29,115.95
338,2011-03-30,115.58
339,2011-03-31,115.35
340,2011-04-01,116.94
341,2011-04-04,118.63
342,2011-04-05,120.07
343,2011-04-06,122.87
344,2011-04-07,123.01
345,2011-04-08,122.9
346,2011-04-11,126.3
347,2011-04-12,126.46
348,2011-04-13,121.33
349,2011-04-14,122.7
350,2011-04-15,122.74
351,2011-04-18,124.63
352,2011-04-19,121.69
353,2011-04-20,121.35
354,2011-04-21,124.26
355,2011-04-26,123.64
356,2011-04-27,124.55
357,2011-04-28,124.94
358,2011-05-02,126.59
359,2011-05-03,126.64
360,2011-05-04,124.01
361,2011-05-05,121.55
362,2011-05-06,111.93
363,2011-05-09,113.69
364,2011-05-10,113.21
365,2011-05-11,117.82
366,2011-05-12,115.66
367,2011-05-13,112.87
368,2011-05-16,113.08
369,2011-05-17,113.72
370,2011-05-18,109.39
371,2011-05-19,112.54
372,2011-05-20,113.2
373,2011-05-23,111.25
374,2011-05-24,110.13
375,2011-05-25,112.52
376,2011-05-26,114.47
377,2011-05-27,115.06
378,2011-05-31,114.85
379,2011-06-01,117.18
380,2011-06-02,116.15
381,2011-06-03,114.3
382,2011-06-06,115.09
383,2011-06-07,115.4
384,2011-06-08,116.14
385,2011-06-09,118.43
386,2011-06-10,119.95
387,2011-06-13,118.71
388,2011-06-14,120.49
389,2011-06-15,120.35
390,2011-06-16,114.67
391,2011-06-17,114.69
392,2011-06-20,113.74
393,2011-06-21,112.21
394,2011-06-22,112.02
395,2011-06-23,113.59
396,2011-06-24,108.27
397,2011-06-27,104.79
398,2011-06-28,104.57
399,2011-06-29,107.57
400,2011-06-30,111.49
401,2011-07-01,111.71
402,2011-07-05,109.82
403,2011-07-06,113.21
404,2011-07-07,113.55
405,2011-07-08,117.4
406,2011-07-11,117.4
407,2011-07-12,117.35
408,2011-07-13,117.36
409,2011-07-14,118.46
410,2011-07-15,117.38
411,2011-07-18,118.06
412,2011-07-19,117.05
413,2011-07-20,118.18
414,2011-07-21,118.52
415,2011-07-22,118.25
416,2011-07-25,118.99
417,2011-07-26,118.27
418,2011-07-27,118.14
419,2011-07-28,117.99
420,2011-07-29,118.16
421,2011-08-01,115.93
422,2011-08-02,116.37
423,2011-08-03,116.02
424,2011-08-04,113.74
425,2011-08-05,110.22
426,2011-08-08,106.92
427,2011-08-09,103.06
428,2011-08-10,103.63
429,2011-08-11,103.84
430,2011-08-12,107.82
431,2011-08-15,108.17
432,2011-08-16,108.89
433,2011-08-17,109.69
434,2011-08-18,111.37
435,2011-08-19,108.36
436,2011-08-22,109.37
437,2011-08-23,108.83
438,2011-08-24,110.35
439,2011-08-25,111.91
440,2011-08-26,111.91
441,2011-08-30,112.29
442,2011-08-31,115.59
443,2011-09-01,116.48
444,2011-09-02,116.43
445,2011-09-06,115.92
446,2011-09-07,113.29
447,2011-09-08,117.5
448,2011-09-09,117.99
449,2011-09-12,115.1
450,2011-09-13,114.75
451,2011-09-14,114.08
452,2011-09-15,113.1
453,2011-09-16,116.71
454,2011-09-19,116.26
455,2011-09-20,112.89
456,2011-09-21,114.39
457,2011-09-22,114.26
458,2011-09-23,109.21
459,2011-09-26,109.17
460,2011-09-27,107.9
461,2011-09-28,109.54
462,2011-09-29,108.52
463,2011-09-30,107.08
464,2011-10-03,105.42
465,2011-10-04,103.61
466,2011-10-05,101.84
467,2011-10-06,103.77
468,2011-10-07,104.38
469,2011-10-10,106.56
470,2011-10-11,109.49
471,2011-10-12,109.22
472,2011-10-13,112.44
473,2011-10-14,112.45
474,2011-10-17,114.33
475,2011-10-18,112.92
476,2011-10-19,112.08
477,2011-10-20,111.76
478,2011-10-21,109.0
479,2011-10-24,111.6
480,2011-10-25,111.67
481,2011-10-26,112.11
482,2011-10-27,110.43
483,2011-10-28,112.45
484,2011-10-31,110.01
485,2011-11-01,108.43
486,2011-11-02,106.97
487,2011-11-03,110.82
488,2011-11-04,110.76
489,2011-11-07,112.22
490,2011-11-08,114.75
491,2011-11-09,115.61
492,2011-11-10,115.29
493,2011-11-11,113.32
494,2011-11-14,114.43
495,2011-11-15,112.57
496,2011-11-16,111.9
497,2011-11-17,111.91
498,2011-11-18,109.25
499,2011-11-21,107.82
500,2011-11-22,105.98
501,2011-11-23,107.77
502,2011-11-25,106.83
503,2011-11-28,106.08
504,2011-11-29,109.38
505,2011-11-30,111.25
506,2011-12-01,111.22
507,2011-12-02,108.83
508,2011-12-05,109.59
509,2011-12-06,110.18
510,2011-12-07,110.16
511,2011-12-08,110.07
512,2011-12-09,108.23
513,2011-12-12,107.91
514,2011-12-13,107.82
515,2011-12-14,109.25
516,2011-12-15,105.72
517,2011-12-16,104.52
518,2011-12-19,104.0
519,2011-12-20,104.55
520,2011-12-21,107.8
521,2011-12-22,108.0
522,2011-12-23,108.98
523,2011-12-28,109.28
524,2011-12-29,107.54
525,2011-12-30,106.89
526,2012-01-03,108.09
527,2012-01-04,111.12
528,2012-01-05,113.37
529,2012-01-06,113.59
530,2012-01-09,111.96
531,2012-01-10,111.07
532,2012-01-11,113.3
533,2012-01-12,111.66
534,2012-01-13,112.97
535,2012-01-17,109.88
536,2012-01-18,110.55
537,2012-01-19,109.81
538,2012-01-20,109.54
539,2012-01-23,108.5
540,2012-01-24,109.46
541,2012-01-25,108.38
542,2012-01-26,108.48
543,2012-01-27,109.08
544,2012-01-30,110.5
545,2012-01-31,110.24
546,2012-02-01,110.26
547,2012-02-02,111.96
548,2012-02-03,110.96
549,2012-02-06,112.56
550,2012-02-07,115.47
551,2012-02-08,116.86
552,2012-02-09,117.18
553,2012-02-10,118.4
554,2012-02-13,118.13
555,2012-02-14,118.73
556,2012-02-15,118.3
557,2012-02-16,120.25
558,2012-02-17,121.0
559,2012-02-21,120.69
560,2012-02-22,120.85
561,2012-02-23,123.07
562,2012-02-24,124.53
563,2012-02-27,124.89
564,2012-02-28,126.46
565,2012-02-29,124.02
566,2012-03-01,122.23
567,2012-03-02,125.76
568,2012-03-05,125.93
569,2012-03-06,126.68
570,2012-03-07,125.03
571,2012-03-08,125.37
572,2012-03-09,127.96
573,2012-03-12,128.08
574,2012-03-13,127.27
575,2012-03-14,128.14
576,2012-03-15,126.98
577,2012-03-16,123.63
578,2012-03-19,125.09
579,2012-03-20,125.76
580,2012-03-21,124.38
581,2012-03-22,123.89
582,2012-03-23,122.49
583,2012-03-26,125.21
584,2012-03-27,125.85
585,2012-03-28,125.25
586,2012-03-29,124.41
587,2012-03-30,123.23
588,2012-04-02,123.41
589,2012-04-04,124.44
590,2012-04-05,123.04
591,2012-04-10,123.58
592,2012-04-11,121.89
593,2012-04-12,120.41
594,2012-04-13,120.57
595,2012-04-16,120.62
596,2012-04-17,118.23
597,2012-04-18,117.41
598,2012-04-19,115.18
599,2012-04-20,117.0
600,2012-04-23,118.08
601,2012-04-24,116.66
602,2012-04-25,117.74
603,2012-04-26,117.45
604,2012-04-27,119.33
605,2012-04-30,119.3
606,2012-05-01,118.66
607,2012-05-02,119.57
608,2012-05-03,117.57
609,2012-05-04,115.91
610,2012-05-08,111.66
611,2012-05-09,110.48
612,2012-05-10,111.89
613,2012-05-11,112.24
614,2012-05-14,112.5
615,2012-05-15,110.79
616,2012-05-16,111.4
617,2012-05-17,109.8
618,2012-05-18,109.31
619,2012-05-21,108.03
620,2012-05-22,109.02
621,2012-05-23,109.76
622,2012-05-24,106.88
623,2012-05-25,107.2
624,2012-05-29,107.86
625,2012-05-30,107.55
626,2012-05-31,103.85
627,2012-06-01,103.86
628,2012-06-04,98.63
629,2012-06-05,97.74
630,2012-06-06,98.65
631,2012-06-07,101.14
632,2012-06-08,100.05
633,2012-06-11,97.57
634,2012-06-12,98.6
635,2012-06-13,96.59
636,2012-06-14,97.29
637,2012-06-15,96.46
638,2012-06-18,97.13
639,2012-06-19,95.21
640,2012-06-20,95.14
641,2012-06-21,93.5
642,2012-06-22,89.22
643,2012-06-25,89.22
644,2012-06-26,88.69
645,2012-06-27,90.19
646,2012-06-28,92.06
647,2012-06-29,91.02
648,2012-07-02,94.17
649,2012-07-03,95.28
650,2012-07-05,99.89
651,2012-07-06,101.54
652,2012-07-09,98.5
653,2012-07-10,99.94
654,2012-07-11,99.15
655,2012-07-12,99.23
656,2012-07-13,99.18
657,2012-07-16,101.91
658,2012-07-17,102.1
659,2012-07-18,104.21
660,2012-07-19,105.92
661,2012-07-20,107.79
662,2012-07-23,106.98
663,2012-07-24,103.91
664,2012-07-25,103.57
665,2012-07-26,102.35
666,2012-07-27,104.77
667,2012-07-30,106.3
668,2012-07-31,106.54
669,2012-08-01,105.93
670,2012-08-02,106.78
671,2012-08-03,107.55
672,2012-08-06,109.57
673,2012-08-07,110.01
674,2012-08-08,112.39
675,2012-08-09,113.42
676,2012-08-10,113.52
677,2012-08-13,113.13
678,2012-08-14,114.48
679,2012-08-15,113.9
680,2012-08-16,115.51
681,2012-08-17,116.12
682,2012-08-20,115.2
683,2012-08-21,115.5
684,2012-08-22,116.03
685,2012-08-23,115.77
686,2012-08-24,117.45
687,2012-08-27,115.76
688,2012-08-28,113.74
689,2012-08-29,112.62
690,2012-08-30,112.53
691,2012-08-31,112.28
692,2012-09-04,113.93
693,2012-09-05,114.98
694,2012-09-06,113.32
695,2012-09-07,114.5
696,2012-09-10,113.64
697,2012-09-11,113.84
698,2012-09-12,114.86
699,2012-09-13,114.86
700,2012-09-14,116.0
701,2012-09-17,117.48
702,2012-09-18,116.7
703,2012-09-19,113.29
704,2012-09-20,108.49
705,2012-09-21,109.41
706,2012-09-24,111.27
707,2012-09-25,109.2
708,2012-09-26,110.77
709,2012-09-27,108.99
710,2012-09-28,111.45
711,2012-10-01,111.36
712,2012-10-02,112.58
713,2012-10-03,112.49
714,2012-10-04,109.32
715,2012-10-05,110.48
716,2012-10-08,112.17
717,2012-10-09,112.6
718,2012-10-10,114.32
719,2012-10-11,116.11
720,2012-10-12,116.18
721,2012-10-15,115.17
722,2012-10-16,115.0
723,2012-10-17,115.0
724,2012-10-18,113.49
725,2012-10-19,112.58
726,2012-10-22,111.89
727,2012-10-23,109.62
728,2012-10-24,107.53
729,2012-10-25,107.66
730,2012-10-26,107.64
731,2012-10-29,108.9
732,2012-10-30,109.33
733,2012-10-31,109.4
734,2012-11-01,109.89
735,2012-11-02,108.84
736,2012-11-05,106.79
737,2012-11-06,105.59
738,2012-11-07,109.27
739,2012-11-08,108.21
740,2012-11-09,107.23
741,2012-11-12,108.61
742,2012-11-13,110.23
743,2012-11-14,108.82
744,2012-11-15,109.66
745,2012-11-16,110.07
746,2012-11-19,106.81
747,2012-11-20,110.06
748,2012-11-21,110.01
749,2012-11-23,110.81
750,2012-11-26,110.14
751,2012-11-27,110.18
752,2012-11-28,109.33
753,2012-11-29,108.26
754,2012-11-30,110.47
755,2012-12-03,110.84
756,2012-12-04,111.27
757,2012-12-05,109.99
758,2012-12-06,108.96
759,2012-12-07,108.01
760,2012-12-10,107.16
761,2012-12-11,108.25
762,2012-12-12,107.6
763,2012-12-13,110.17
764,2012-12-14,110.18
765,2012-12-17,109.28
766,2012-12-18,109.35
767,2012-12-19,109.96
768,2012-12-20,109.95
769,2012-12-21,110.57
770,2012-12-24,109.13
771,2012-12-26,108.44
772,2012-12-27,110.72
773,2012-12-28,110.04
774,2012-12-31,110.05
775,2013-01-02,110.8
776,2013-01-03,112.98
777,2013-01-04,113.03
778,2013-01-07,112.58
779,2013-01-08,112.49
780,2013-01-09,113.03
781,2013-01-10,113.07
782,2013-01-11,112.97
783,2013-01-14,110.3
784,2013-01-15,111.32
785,2013-01-16,111.72
786,2013-01-17,110.97
787,2013-01-18,111.01
788,2013-01-22,111.71
789,2013-01-23,112.72
790,2013-01-24,113.68
791,2013-01-25,114.59
792,2013-01-28,113.88
793,2013-01-29,113.92
794,2013-01-30,115.22
795,2013-01-31,115.42
796,2013-02-01,115.55
797,2013-02-04,115.55
798,2013-02-05,116.06
799,2013-02-06,117.03
800,2013-02-07,116.61
801,2013-02-08,117.17
802,2013-02-11,118.9
803,2013-02-12,118.29
804,2013-02-13,117.89
805,2013-02-14,118.43
806,2013-02-15,118.48
807,2013-02-19,117.4
808,2013-02-20,117.04
809,2013-02-21,116.23
810,2013-02-22,114.19
811,2013-02-25,113.74
812,2013-02-26,114.55
813,2013-02-27,112.96
814,2013-02-28,112.24
815,2013-03-01,112.2
816,2013-03-04,110.14
817,2013-03-05,109.9
818,2013-03-06,110.42
819,2013-03-07,110.27
820,2013-03-08,110.42
821,2013-03-11,108.91
822,2013-03-12,108.64
823,2013-03-13,108.48
824,2013-03-14,107.51
825,2013-03-15,108.1
826,2013-03-18,109.32
827,2013-03-19,108.54
828,2013-03-20,106.91
829,2013-03-21,108.27
830,2013-03-22,106.41
831,2013-03-25,106.51
832,2013-03-26,106.66
833,2013-03-27,107.1
834,2013-03-28,108.51
835,2013-04-01,108.46
836,2013-04-02,108.76
837,2013-04-03,109.66
838,2013-04-04,107.82
839,2013-04-05,105.09
840,2013-04-08,103.98
841,2013-04-09,103.16
842,2013-04-10,104.08
843,2013-04-11,104.8
844,2013-04-12,103.62
845,2013-04-15,100.58
846,2013-04-16,99.32
847,2013-04-17,97.88
848,2013-04-18,96.84
849,2013-04-19,97.48
850,2013-04-22,98.94
851,2013-04-23,99.07
852,2013-04-24,99.25
853,2013-04-25,100.71
854,2013-04-26,101.62
855,2013-04-29,102.39
856,2013-04-30,102.88
857,2013-05-01,101.53
858,2013-05-02,98.34
859,2013-05-03,100.32
860,2013-05-06,104.6
861,2013-05-07,105.0
862,2013-05-08,105.18
863,2013-05-09,103.79
864,2013-05-10,103.59
865,2013-05-13,101.31
866,2013-05-14,102.17
867,2013-05-15,102.7
868,2013-05-16,101.57
869,2013-05-17,104.27
870,2013-05-20,103.83
871,2013-05-21,104.55
872,2013-05-22,103.1
873,2013-05-23,102.14
874,2013-05-24,100.46
875,2013-05-28,101.24
876,2013-05-29,103.77
877,2013-05-30,102.14
878,2013-05-31,101.79
879,2013-06-03,100.43
880,2013-06-04,101.63
881,2013-06-05,102.04
882,2013-06-06,103.51
883,2013-06-07,103.37
884,2013-06-10,104.07
885,2013-06-11,103.87
886,2013-06-12,101.5
887,2013-06-13,103.11
888,2013-06-14,103.38
889,2013-06-17,105.1
890,2013-06-18,105.8
891,2013-06-19,105.21
892,2013-06-20,105.56
893,2013-06-21,102.72
894,2013-06-24,100.36
895,2013-06-25,99.8
896,2013-06-26,101.51
897,2013-06-27,100.62
898,2013-06-28,102.74
899,2013-07-01,102.49
900,2013-07-02,103.19
901,2013-07-03,103.96
902,2013-07-05,106.12
903,2013-07-08,107.46
904,2013-07-09,107.75
905,2013-07-10,107.9
906,2013-07-11,108.43
907,2013-07-12,108.18
908,2013-07-15,109.03
909,2013-07-16,109.05
910,2013-07-17,109.29
911,2013-07-18,109.67
912,2013-07-19,109.71
913,2013-07-22,109.34
914,2013-07-23,108.82
915,2013-07-24,109.27
916,2013-07-25,108.23
917,2013-07-26,108.1
918,2013-07-29,107.57
919,2013-07-30,108.1
920,2013-07-31,107.47
921,2013-08-01,107.89
922,2013-08-02,109.94
923,2013-08-05,109.63
924,2013-08-06,109.81
925,2013-08-07,108.77
926,2013-08-08,108.39
927,2013-08-09,107.32
928,2013-08-12,108.49
929,2013-08-13,109.28
930,2013-08-14,110.69
931,2013-08-15,110.26
932,2013-08-16,111.58
933,2013-08-19,111.82
934,2013-08-20,111.41
935,2013-08-21,110.74
936,2013-08-22,110.82
937,2013-08-23,110.51
938,2013-08-26,112.12
939,2013-08-27,112.23
940,2013-08-28,115.21
941,2013-08-29,116.27
942,2013-08-30,116.91
943,2013-09-03,115.97
944,2013-09-04,115.49
945,2013-09-05,115.65
946,2013-09-06,115.81
947,2013-09-09,117.15
948,2013-09-10,115.2
949,2013-09-11,112.1
950,2013-09-12,112.37
951,2013-09-13,113.11
952,2013-09-16,113.31
953,2013-09-17,110.86
954,2013-09-18,109.05
955,2013-09-19,109.09
956,2013-09-20,110.66
957,2013-09-23,110.22
958,2013-09-24,108.56
959,2013-09-25,107.68
960,2013-09-26,109.46
961,2013-09-27,108.86
962,2013-09-30,109.45
963,2013-10-01,107.85
964,2013-10-02,107.32
965,2013-10-03,109.09
966,2013-10-04,109.49
967,2013-10-07,109.42
968,2013-10-08,109.66
969,2013-10-09,110.56
970,2013-10-10,109.02
971,2013-10-11,111.63
972,2013-10-14,110.65
973,2013-10-15,110.13
974,2013-10-16,110.67
975,2013-10-17,110.79
976,2013-10-18,109.55
977,2013-10-21,109.4
978,2013-10-22,109.47
979,2013-10-23,109.57
980,2013-10-24,107.74
981,2013-10-25,106.63
982,2013-10-28,105.7
983,2013-10-29,108.29
984,2013-10-30,108.04
985,2013-10-31,108.41
986,2013-11-01,107.53
987,2013-11-04,105.78
988,2013-11-05,104.85
989,2013-11-06,105.01
990,2013-11-07,105.46
991,2013-11-08,103.08
992,2013-11-11,104.29
993,2013-11-12,105.76
994,2013-11-13,106.29
995,2013-11-14,106.9
996,2013-11-15,108.29
997,2013-11-18,108.25
998,2013-11-19,108.8
999,2013-11-20,108.29
1000,2013-11-21,108.27
1001,2013-11-22,109.9
1002,2013-11-25,111.36
1003,2013-11-26,110.83
1004,2013-11-27,112.04
1005,2013-11-29,111.32
1006,2013-12-02,111.07
1007,2013-12-03,111.49
1008,2013-12-04,113.06
1009,2013-12-05,113.27
1010,2013-12-06,112.07
1011,2013-12-09,111.5
1012,2013-12-10,110.07
1013,2013-12-11,108.91
1014,2013-12-12,109.47
1015,2013-12-13,108.99
1016,2013-12-16,108.08
1017,2013-12-17,110.3
1018,2013-12-18,108.91
1019,2013-12-19,109.56
1020,2013-12-20,110.78
1021,2013-12-23,112.15
1022,2013-12-24,111.58
1023,2013-12-26,111.57
1024,2013-12-27,111.65
1025,2013-12-30,112.06
1026,2013-12-31,110.47
1027,2014-01-02,109.95
1028,2014-01-03,107.94
1029,2014-01-06,106.57
1030,2014-01-07,106.71
1031,2014-01-08,107.01
1032,2014-01-09,107.42
1033,2014-01-10,107.49
1034,2014-01-13,106.44
1035,2014-01-14,108.02
1036,2014-01-15,107.12
1037,2014-01-16,108.09
1038,2014-01-17,107.46
1039,2014-01-20,108.45
1040,2014-01-21,108.01
1041,2014-01-22,109.17
1042,2014-01-23,109.69
1043,2014-01-24,109.69
1044,2014-01-27,109.14
1045,2014-01-28,108.72
1046,2014-01-29,109.1
1047,2014-01-30,108.83
1048,2014-01-31,109.36
1049,2014-02-03,108.16
1050,2014-02-04,106.55
1051,2014-02-05,107.04
1052,2014-02-06,106.81
1053,2014-02-07,108.15
1054,2014-02-10,110.12
1055,2014-02-11,110.18
1056,2014-02-12,109.21
1057,2014-02-13,108.62
1058,2014-02-14,108.98
1059,2014-02-18,108.63
1060,2014-02-19,110.14
1061,2014-02-20,110.37
1062,2014-02-21,109.42
1063,2014-02-24,109.03
1064,2014-02-25,109.76
1065,2014-02-26,109.19
1066,2014-02-27,109.39
1067,2014-02-28,108.54
1068,2014-03-03,108.98
1069,2014-03-04,111.26
1070,2014-03-05,109.17
1071,2014-03-06,108.15
1072,2014-03-07,107.99
1073,2014-03-10,109.14
1074,2014-03-11,108.27
1075,2014-03-12,108.35
1076,2014-03-13,107.88
1077,2014-03-14,107.48
1078,2014-03-17,108.08
1079,2014-03-18,106.99
1080,2014-03-19,106.79
1081,2014-03-20,105.95
1082,2014-03-21,105.73
1083,2014-03-24,107.2
1084,2014-03-25,106.59
1085,2014-03-26,107.01
1086,2014-03-27,105.9
1087,2014-03-28,106.58
1088,2014-03-31,106.64
1089,2014-04-01,105.95
1090,2014-04-02,105.7
1091,2014-04-03,103.37
1092,2014-04-04,104.88
1093,2014-04-07,106.41
1094,2014-04-08,104.89
1095,2014-04-09,105.83
1096,2014-04-10,107.39
1097,2014-04-11,107.1
1098,2014-04-14,107.34
1099,2014-04-15,107.68
1100,2014-04-16,109.1
1101,2014-04-17,109.71
1102,2014-04-21,109.79
1103,2014-04-22,109.69
1104,2014-04-23,108.54
1105,2014-04-24,108.48
1106,2014-04-25,109.79
1107,2014-04-28,109.53
1108,2014-04-29,109.12
1109,2014-04-30,109.89
1110,2014-05-01,108.63
1111,2014-05-02,108.63
1112,2014-05-05,109.48
1113,2014-05-06,109.48
1114,2014-05-07,108.3
1115,2014-05-08,108.17
1116,2014-05-09,108.19
1117,2014-05-12,108.26
1118,2014-05-13,108.37
1119,2014-05-14,108.78
1120,2014-05-15,109.87
1121,2014-05-16,109.74
1122,2014-05-19,110.9
1123,2014-05-20,110.84
1124,2014-05-21,110.35
1125,2014-05-22,111.32
1126,2014-05-23,110.89
1127,2014-05-26,110.19
1128,2014-05-27,110.01
1129,2014-05-28,109.81
1130,2014-05-29,109.09
1131,2014-05-30,109.98
1132,2014-06-02,109.21
1133,2014-06-03,109.34
1134,2014-06-04,108.87
1135,2014-06-05,109.07
1136,2014-06-06,108.43
1137,2014-06-09,109.21
1138,2014-06-10,110.55
1139,2014-06-11,109.18
1140,2014-06-12,109.83
1141,2014-06-13,112.18
1142,2014-06-16,113.15
1143,2014-06-17,113.42
1144,2014-06-18,114.02
1145,2014-06-19,114.25
1146,2014-06-20,115.19
1147,2014-06-23,114.55
1148,2014-06-24,113.62
1149,2014-06-25,113.74
1150,2014-06-26,112.84
1151,2014-06-27,112.61
1152,2014-06-30,112.62
1153,2014-07-01,111.03
1154,2014-07-02,110.84
1155,2014-07-03,110.18
1156,2014-07-07,108.98
1157,2014-07-08,108.7
1158,2014-07-09,107.65
1159,2014-07-10,106.84
1160,2014-07-11,106.2
1161,2014-07-14,105.77
1162,2014-07-15,104.73
1163,2014-07-16,104.73
1164,2014-07-17,105.41
1165,2014-07-18,106.04
1166,2014-07-21,106.03
1167,2014-07-22,105.71
1168,2014-07-23,106.48
1169,2014-07-24,106.85
1170,2014-07-25,105.78
1171,2014-07-28,106.89
1172,2014-07-29,106.7
1173,2014-07-30,106.98
1174,2014-07-31,106.47
1175,2014-08-01,104.94
1176,2014-08-04,103.45
1177,2014-08-05,103.63
1178,2014-08-06,102.82
1179,2014-08-07,104.17
1180,2014-08-08,104.02
1181,2014-08-11,103.36
1182,2014-08-12,103.47
1183,2014-08-13,101.68
1184,2014-08-14,102.27
1185,2014-08-15,101.15
1186,2014-08-18,101.13
1187,2014-08-19,99.37
1188,2014-08-20,99.74
1189,2014-08-21,99.92
1190,2014-08-22,100.28
1191,2014-08-25,100.09
1192,2014-08-26,100.49
1193,2014-08-27,100.5
1194,2014-08-28,100.4
1195,2014-08-29,100.71
1196,2014-09-02,101.12
1197,2014-09-03,100.21
1198,2014-09-04,100.88
1199,2014-09-05,101.21
1200,2014-09-08,99.51
1201,2014-09-09,99.53
1202,2014-09-10,98.08
1203,2014-09-11,96.26
1204,2014-09-12,96.42
1205,2014-09-15,96.31
1206,2014-09-16,96.43
1207,2014-09-17,97.39
1208,2014-09-18,97.7
1209,2014-09-19,96.82
1210,2014-09-22,96.75
1211,2014-09-23,95.37
1212,2014-09-24,94.87
1213,2014-09-25,94.53
1214,2014-09-26,95.2
1215,2014-09-29,95.08
1216,2014-09-30,95.7
1217,2014-10-01,94.67
1218,2014-10-02,94.57
1219,2014-10-03,91.29
1220,2014-10-06,90.8
1221,2014-10-07,90.65
1222,2014-10-08,90.9
1223,2014-10-09,90.25
1224,2014-10-10,90.47
1225,2014-10-13,88.66
1226,2014-10-14,87.82
1227,2014-10-15,86.36
1228,2014-10-16,84.02
1229,2014-10-17,84.02
1230,2014-10-20,85.27
1231,2014-10-21,84.42
1232,2014-10-22,85.17
1233,2014-10-23,86.38
1234,2014-10-24,85.94
1235,2014-10-27,86.0
1236,2014-10-28,85.64
1237,2014-10-29,85.57
1238,2014-10-30,86.91
1239,2014-10-31,85.5
1240,2014-11-03,84.17
1241,2014-11-04,84.9
1242,2014-11-05,82.12
1243,2014-11-06,82.88
1244,2014-11-07,82.08
1245,2014-11-10,83.2
1246,2014-11-11,82.9
1247,2014-11-12,80.94
1248,2014-11-13,80.42
1249,2014-11-14,77.74
1250,2014-11-17,77.51
1251,2014-11-18,76.86
1252,2014-11-19,77.23
1253,2014-11-20,77.21
1254,2014-11-21,77.61
1255,2014-11-24,79.2
1256,2014-11-25,79.62
1257,2014-11-26,77.62
1258,2014-11-28,77.39
1259,2014-12-01,71.89
1260,2014-12-02,70.87
1261,2014-12-03,71.13
1262,2014-12-04,70.13
1263,2014-12-05,68.48
1264,2014-12-08,68.0
1265,2014-12-09,65.64
1266,2014-12-10,66.11
1267,2014-12-11,63.32
1268,2014-12-12,63.65
1269,2014-12-15,61.67
1270,2014-12-16,61.09
1271,2014-12-17,60.26
1272,2014-12-18,59.84
1273,2014-12-19,58.81
1274,2014-12-22,58.87
1275,2014-12-23,58.31
1276,2014-12-24,59.07
1277,2014-12-26,58.67
1278,2014-12-29,58.72
1279,2014-12-30,57.86
1280,2014-12-31,55.6
1281,2015-01-02,55.27
1282,2015-01-05,55.38
1283,2015-01-06,51.08
1284,2015-01-07,50.12
1285,2015-01-08,49.06
1286,2015-01-09,49.43
1287,2015-01-12,47.64
1288,2015-01-13,46.9
1289,2015-01-14,45.13
1290,2015-01-15,45.82
1291,2015-01-16,47.66
1292,2015-01-20,47.38
1293,2015-01-21,46.49
1294,2015-01-22,46.5
1295,2015-01-23,46.09
1296,2015-01-26,46.69
1297,2015-01-27,46.07
1298,2015-01-28,46.55
1299,2015-01-29,47.07
1300,2015-01-30,46.61
1301,2015-02-02,47.52
1302,2015-02-03,51.74
1303,2015-02-04,54.41
1304,2015-02-05,55.07
1305,2015-02-06,55.98
1306,2015-02-09,55.88
1307,2015-02-10,57.0
1308,2015-02-11,55.79
1309,2015-02-12,53.48
1310,2015-02-13,56.23
1311,2015-02-16,60.33
1312,2015-02-17,61.57
1313,2015-02-18,60.78
1314,2015-02-19,60.72
1315,2015-02-20,58.78
1316,2015-02-23,60.99
1317,2015-02-24,59.78
1318,2015-02-25,60.33
1319,2015-02-26,59.77
1320,2015-02-27,61.39
1321,2015-03-02,61.89
1322,2015-03-03,60.75
1323,2015-03-04,61.18
1324,2015-03-05,59.18
1325,2015-03-06,60.33
1326,2015-03-09,59.15
1327,2015-03-10,58.67
1328,2015-03-11,55.95
1329,2015-03-12,56.46
1330,2015-03-13,56.66
1331,2015-03-16,54.8
1332,2015-03-17,52.0
1333,2015-03-18,52.17
1334,2015-03-19,52.59
1335,2015-03-20,52.96
1336,2015-03-23,53.88
1337,2015-03-24,53.82
1338,2015-03-25,53.61
1339,2015-03-26,54.18
1340,2015-03-27,57.02
1341,2015-03-30,56.44
1342,2015-03-31,53.99
1343,2015-04-01,53.69
1344,2015-04-02,55.73
1345,2015-04-06,55.73
1346,2015-04-07,55.73
1347,2015-04-08,57.55
1348,2015-04-09,56.42
1349,2015-04-10,56.04
1350,2015-04-13,56.82
1351,2015-04-14,57.14
1352,2015-04-15,57.69
1353,2015-04-16,59.32
1354,2015-04-17,60.13
1355,2015-04-20,61.31
1356,2015-04-21,61.2
1357,2015-04-22,60.12
1358,2015-04-23,60.12
1359,2015-04-24,62.66
1360,2015-04-27,62.96
1361,2015-04-28,62.86
1362,2015-04-29,62.61
1363,2015-04-30,63.97
1364,2015-05-01,63.9
1365,2015-05-04,64.13
1366,2015-05-05,64.62
1367,2015-05-06,65.44
1368,2015-05-07,66.22
1369,2015-05-08,64.93
1370,2015-05-11,63.82
1371,2015-05-12,62.82
1372,2015-05-13,65.09
1373,2015-05-14,66.33
1374,2015-05-15,65.58
1375,2015-05-18,64.69
1376,2015-05-19,65.15
1377,2015-05-20,63.48
1378,2015-05-21,63.52
1379,2015-05-22,64.7
1380,2015-05-26,64.7
1381,2015-05-27,61.65
1382,2015-05-28,62.06
1383,2015-05-29,62.58
1384,2015-06-01,65.56
1385,2015-06-02,64.88
1386,2015-06-03,65.49
1387,2015-06-04,63.8
1388,2015-06-05,62.03
1389,2015-06-08,63.31
1390,2015-06-09,62.69
1391,2015-06-10,64.88
1392,2015-06-11,65.7
1393,2015-06-12,65.11
1394,2015-06-15,63.87
1395,2015-06-16,62.61
1396,2015-06-17,63.7
1397,2015-06-18,63.87
1398,2015-06-19,64.26
1399,2015-06-22,63.02
1400,2015-06-23,63.34
1401,2015-06-24,64.45
1402,2015-06-25,63.49
1403,2015-06-26,63.2
1404,2015-06-29,63.26
1405,2015-06-30,62.01
1406,2015-07-01,63.59
1407,2015-07-02,62.01
1408,2015-07-03,62.07
1409,2015-07-06,60.32
1410,2015-07-07,56.54
1411,2015-07-08,56.85
1412,2015-07-09,57.05
1413,2015-07-10,58.61
1414,2015-07-13,58.73
1415,2015-07-14,57.85
1416,2015-07-15,58.51
1417,2015-07-16,57.05
1418,2015-07-17,57.51
1419,2015-07-20,57.1
1420,2015-07-21,56.65
1421,2015-07-22,57.04
1422,2015-07-23,56.13
1423,2015-07-24,55.27
1424,2015-07-27,54.62
1425,2015-07-28,53.47
1426,2015-07-29,53.3
1427,2015-07-30,53.38
1428,2015-07-31,53.31
1429,2015-08-03,52.21
1430,2015-08-04,49.52
1431,2015-08-05,49.99
1432,2015-08-06,49.59
1433,2015-08-07,49.52
1434,2015-08-10,48.61
1435,2015-08-11,50.41
1436,2015-08-12,49.18
1437,2015-08-13,49.66
1438,2015-08-14,49.22
1439,2015-08-17,49.03
1440,2015-08-18,48.74
1441,2015-08-19,48.81
1442,2015-08-20,47.16
1443,2015-08-21,46.62
1444,2015-08-24,45.46
1445,2015-08-25,42.69
1446,2015-08-26,43.21
1447,2015-08-27,43.14
1448,2015-08-28,47.56
1449,2015-08-31,50.05
1450,2015-09-01,54.15
1451,2015-09-02,49.56
1452,2015-09-03,50.5
1453,2015-09-04,50.68
1454,2015-09-07,49.61
1455,2015-09-08,47.63
1456,2015-09-09,49.52
1457,2015-09-10,47.58
1458,2015-09-11,48.89
1459,2015-09-14,48.14
1460,2015-09-15,46.37
1461,2015-09-16,46.63
1462,2015-09-17,49.75
1463,2015-09-18,49.08
1464,2015-09-21,47.47
1465,2015-09-22,48.92
1466,2015-09-23,49.08
1467,2015-09-24,47.75
1468,2015-09-25,48.17
1469,2015-09-28,48.6
1470,2015-09-29,47.34
1471,2015-09-30,48.23
1472,2015-10-01,48.37
1473,2015-10-02,47.69
1474,2015-10-05,48.13
1475,2015-10-06,49.25
1476,2015-10-07,51.92
1477,2015-10-08,51.33
1478,2015-10-09,53.05
1479,2015-10-12,52.65
1480,2015-10-13,49.86
1481,2015-10-14,49.24
1482,2015-10-15,49.15
1483,2015-10-16,48.71
1484,2015-10-19,50.46
1485,2015-10-20,48.61
1486,2015-10-21,48.71
1487,2015-10-22,47.85
1488,2015-10-23,48.08
1489,2015-10-26,47.99
1490,2015-10-27,47.54
1491,2015-10-28,46.81
1492,2015-10-29,49.05
1493,2015-10-30,48.8
1494,2015-11-02,49.56
1495,2015-11-03,48.79
1496,2015-11-04,50.54
1497,2015-11-05,48.58
1498,2015-11-06,47.98
1499,2015-11-09,47.42
1500,2015-11-10,47.19
1501,2015-11-11,47.44
1502,2015-11-12,45.81
1503,2015-11-13,44.06
1504,2015-11-16,43.61
1505,2015-11-17,44.56
1506,2015-11-18,43.57
1507,2015-11-19,44.14
1508,2015-11-20,44.18
1509,2015-11-23,44.66
1510,2015-11-24,44.83
1511,2015-11-25,46.12
1512,2015-11-26,46.17
1513,2015-11-27,45.46
1514,2015-11-30,44.86
1515,2015-12-01,44.61
1516,2015-12-02,44.44
1517,2015-12-03,42.49
1518,2015-12-04,43.84
1519,2015-12-07,43.0
1520,2015-12-08,40.73
1521,2015-12-09,40.26
1522,2015-12-10,40.11
1523,2015-12-11,39.73
1524,2015-12-14,37.93
1525,2015-12-15,37.92
1526,2015-12-16,38.45
1527,2015-12-17,37.19
1528,2015-12-18,37.06
1529,2015-12-21,36.88
1530,2015-12-22,36.35
1531,2015-12-23,36.11
1532,2015-12-24,37.36
1533,2015-12-28,37.89
1534,2015-12-29,36.62
1535,2015-12-30,37.79
1536,2015-12-31,36.46
1537,2016-01-04,37.28
1538,2016-01-05,37.22
1539,2016-01-06,36.42
1540,2016-01-07,34.23
1541,2016-01-08,33.75
1542,2016-01-11,33.55
1543,2016-01-12,31.55
1544,2016-01-13,30.86
1545,2016-01-14,30.31
1546,2016-01-15,31.03
1547,2016-01-18,28.94
1548,2016-01-19,28.55
1549,2016-01-20,28.76
1550,2016-01-21,27.88
1551,2016-01-22,29.25
1552,2016-01-25,32.18
1553,2016-01-26,30.5
1554,2016-01-27,31.8
1555,2016-01-28,33.1
1556,2016-01-29,33.89
1557,2016-02-01,34.74
1558,2016-02-02,34.24
1559,2016-02-03,32.72
1560,2016-02-04,35.04
1561,2016-02-05,34.46
1562,2016-02-08,34.06
1563,2016-02-09,32.88
1564,2016-02-10,30.32
1565,2016-02-11,30.84
1566,2016-02-12,30.06
1567,2016-02-15,33.36
1568,2016-02-16,33.39
1569,2016-02-17,32.18
1570,2016-02-18,34.5
1571,2016-02-19,34.28
1572,2016-02-22,33.01
1573,2016-02-23,34.69
1574,2016-02-24,33.27
1575,2016-02-25,34.41
1576,2016-02-26,35.29
1577,2016-02-29,35.1
1578,2016-03-01,35.97
1579,2016-03-02,36.81
1580,2016-03-03,36.93
1581,2016-03-04,37.07
1582,2016-03-07,38.72
1583,2016-03-08,40.84
1584,2016-03-09,39.65
1585,2016-03-10,41.07
1586,2016-03-11,40.05
1587,2016-03-14,40.39
1588,2016-03-15,39.53
1589,2016-03-16,38.74
1590,2016-03-17,40.33
1591,2016-03-18,41.54
1592,2016-03-21,41.2
1593,2016-03-22,41.54
1594,2016-03-23,41.79
1595,2016-03-24,40.47
1596,2016-03-28,40.44
1597,2016-03-29,40.27
1598,2016-03-30,39.14
1599,2016-03-31,39.26
1600,2016-04-01,39.6
1601,2016-04-04,38.67
1602,2016-04-05,37.69
1603,2016-04-06,37.87
1604,2016-04-07,39.84
1605,2016-04-08,39.43
1606,2016-04-11,41.94
1607,2016-04-12,42.83
1608,2016-04-13,44.69
1609,2016-04-14,44.18
1610,2016-04-15,43.84
1611,2016-04-18,43.1
1612,2016-04-19,42.91
1613,2016-04-20,44.03
1614,2016-04-21,45.8
1615,2016-04-22,44.53
1616,2016-04-25,45.11
1617,2016-04-26,44.48
1618,2016-04-27,45.74
1619,2016-04-28,47.18
1620,2016-04-29,48.14
1621,2016-05-02,48.13
1622,2016-05-03,45.83
1623,2016-05-04,44.97
1624,2016-05-05,44.62
1625,2016-05-06,45.01
1626,2016-05-09,45.37
1627,2016-05-10,43.63
1628,2016-05-11,45.52
1629,2016-05-12,47.6
1630,2016-05-13,48.08
1631,2016-05-16,47.83
1632,2016-05-17,48.97
1633,2016-05-18,49.28
1634,2016-05-19,48.93
1635,2016-05-20,48.81
1636,2016-05-23,48.72
1637,2016-05-24,48.35
1638,2016-05-25,48.61
1639,2016-05-26,49.74
1640,2016-05-27,49.59
1641,2016-05-30,49.32
1642,2016-05-31,49.76
1643,2016-06-01,49.69
1644,2016-06-02,49.72
1645,2016-06-03,50.04
1646,2016-06-06,49.64
1647,2016-06-07,50.55
1648,2016-06-08,51.44
1649,2016-06-09,52.51
1650,2016-06-10,51.95
1651,2016-06-13,50.54
1652,2016-06-14,50.35
1653,2016-06-15,49.83
1654,2016-06-16,48.97
1655,2016-06-17,47.19
1656,2016-06-20,49.17
1657,2016-06-21,50.65
1658,2016-06-22,50.62
1659,2016-06-23,49.88
1660,2016-06-24,50.91
1661,2016-06-27,48.41
1662,2016-06-28,47.16
1663,2016-06-29,48.58
1664,2016-06-30,50.61
1665,2016-07-01,49.68
1666,2016-07-04,50.35
1667,2016-07-05,50.1
1668,2016-07-06,47.96
1669,2016-07-07,48.8
1670,2016-07-08,46.4
1671,2016-07-11,46.76
1672,2016-07-12,46.25
1673,2016-07-13,48.47
1674,2016-07-14,46.26
1675,2016-07-15,47.37
1676,2016-07-18,47.61
1677,2016-07-19,46.96
1678,2016-07-20,46.66
1679,2016-07-21,47.17
1680,2016-07-22,46.2
1681,2016-07-25,45.69
1682,2016-07-26,44.72
1683,2016-07-27,44.87
1684,2016-07-28,43.47
1685,2016-07-29,42.7
1686,2016-08-01,42.46
1687,2016-08-02,42.14
1688,2016-08-03,41.8
1689,2016-08-04,43.1
1690,2016-08-05,44.29
1691,2016-08-08,44.27
1692,2016-08-09,45.39
1693,2016-08-10,44.98
1694,2016-08-11,44.05
1695,2016-08-12,46.04
1696,2016-08-15,46.97
1697,2016-08-16,48.35
1698,2016-08-17,49.23
1699,2016-08-18,49.85
1700,2016-08-19,50.89
1701,2016-08-22,50.88
1702,2016-08-23,49.16
1703,2016-08-24,49.96
1704,2016-08-25,49.05
1705,2016-08-26,49.67
1706,2016-08-29,49.92
1707,2016-08-30,49.26
1708,2016-08-31,48.37
1709,2016-09-01,47.04
1710,2016-09-02,45.45
1711,2016-09-05,46.83
1712,2016-09-06,47.63
1713,2016-09-07,47.26
1714,2016-09-08,47.98
1715,2016-09-09,49.99
1716,2016-09-12,48.01
1717,2016-09-13,48.32
1718,2016-09-14,47.1
1719,2016-09-15,45.85
1720,2016-09-16,46.59
1721,2016-09-19,45.77
1722,2016-09-20,45.95
1723,2016-09-21,45.88
1724,2016-09-22,46.83
1725,2016-09-23,47.65
1726,2016-09-26,45.89
1727,2016-09-27,47.35
1728,2016-09-28,45.97
1729,2016-09-29,48.69
1730,2016-09-30,49.24
1731,2016-10-03,49.06
1732,2016-10-04,50.89
1733,2016-10-05,50.87
1734,2016-10-06,51.86
1735,2016-10-07,52.51
1736,2016-10-10,51.93
1737,2016-10-11,53.14
1738,2016-10-12,52.41
1739,2016-10-13,51.81
1740,2016-10-14,52.03
1741,2016-10-17,51.95
1742,2016-10-18,51.52
1743,2016-10-19,51.68
1744,2016-10-20,52.67
1745,2016-10-21,51.38
1746,2016-10-24,51.78
1747,2016-10-25,51.46
1748,2016-10-26,50.79
1749,2016-10-27,49.98
1750,2016-10-28,50.47
1751,2016-10-31,49.71
1752,2016-11-01,48.3
1753,2016-11-02,48.14
1754,2016-11-03,46.86
1755,2016-11-04,46.35
1756,2016-11-07,45.58
1757,2016-11-08,46.15
1758,2016-11-09,46.04
1759,2016-11-10,46.36
1760,2016-11-11,45.84
1761,2016-11-14,44.75
1762,2016-11-15,44.43
1763,2016-11-16,46.95
1764,2016-11-17,46.63
1765,2016-11-18,46.49
1766,2016-11-21,46.86
1767,2016-11-22,48.9
1768,2016-11-23,49.12
1769,2016-11-24,48.95
1770,2016-11-25,49.0
1771,2016-11-28,47.24
1772,2016-11-29,48.24
1773,2016-11-30,46.38
1774,2016-12-01,50.47
1775,2016-12-02,53.94
1776,2016-12-05,54.46
1777,2016-12-06,54.94
1778,2016-12-07,53.93
1779,2016-12-08,53.0
1780,2016-12-09,53.89
1781,2016-12-12,54.33
1782,2016-12-13,55.69
1783,2016-12-14,55.72
1784,2016-12-15,53.9
1785,2016-12-16,54.02
1786,2016-12-19,55.21
1787,2016-12-20,54.92
1788,2016-12-21,55.35
1789,2016-12-22,54.46
1790,2016-12-23,55.05
1791,2016-12-27,55.16
1792,2016-12-28,56.09
1793,2016-12-29,56.22
1794,2016-12-30,56.14
1795,2017-01-02,56.82
1796,2017-01-03,56.82
1797,2017-01-04,55.47
1798,2017-01-05,56.46
1799,2017-01-06,56.89
1800,2017-01-09,57.1
1801,2017-01-10,54.94
1802,2017-01-11,53.64
1803,2017-01-12,55.1
1804,2017-01-13,56.01
1805,2017-01-16,55.45
1806,2017-01-17,55.86
1807,2017-01-18,55.47
1808,2017-01-19,53.92
1809,2017-01-20,54.16
1810,2017-01-23,55.49
1811,2017-01-24,55.23
1812,2017-01-25,55.44
1813,2017-01-26,55.08
1814,2017-01-27,56.24
1815,2017-01-30,55.52
1816,2017-01-31,55.23
1817,2017-02-01,55.7
1818,2017-02-02,56.8
1819,2017-02-03,56.56
1820,2017-02-06,56.81
1821,2017-02-07,55.72
1822,2017-02-08,55.05
1823,2017-02-09,55.12
1824,2017-02-10,55.63
1825,2017-02-13,56.7
1826,2017-02-14,55.59
1827,2017-02-15,55.97
1828,2017-02-16,55.75
1829,2017-02-17,55.65
1830,2017-02-20,55.81
1831,2017-02-21,56.18
1832,2017-02-22,56.66
1833,2017-02-23,55.84
1834,2017-02-24,56.58
1835,2017-02-27,55.99
1836,2017-02-28,55.93
1837,2017-03-01,55.59
1838,2017-03-02,56.36
1839,2017-03-03,55.08
1840,2017-03-06,55.9
1841,2017-03-07,56.01
1842,2017-03-08,55.92
1843,2017-03-09,53.11
1844,2017-03-10,52.19
1845,2017-03-13,51.37
1846,2017-03-14,51.35
1847,2017-03-15,50.92
1848,2017-03-16,51.81
1849,2017-03-17,51.74
1850,2017-03-20,51.76
1851,2017-03-21,51.62
1852,2017-03-22,50.96
1853,2017-03-23,50.64
1854,2017-03-24,50.56
1855,2017-03-27,50.8
1856,2017-03-28,50.75
1857,2017-03-29,51.33
1858,2017-03-30,52.42
1859,2017-03-31,52.96
1860,2017-04-03,52.83
1861,2017-04-04,53.12
1862,2017-04-05,54.17
1863,2017-04-06,54.36
1864,2017-04-07,54.89
1865,2017-04-10,55.24
1866,2017-04-11,55.98
1867,2017-04-12,56.23
1868,2017-04-13,55.86
1869,2017-04-17,55.89
1870,2017-04-18,55.36
1871,2017-04-19,54.89
1872,2017-04-20,52.93
1873,2017-04-21,52.99
1874,2017-04-24,51.96
1875,2017-04-25,51.6
1876,2017-04-26,52.1
1877,2017-04-27,51.82
1878,2017-04-28,51.44
1879,2017-05-01,51.73
1880,2017-05-02,51.52
1881,2017-05-03,50.46
1882,2017-05-04,50.79
1883,2017-05-05,48.38
1884,2017-05-08,49.1
1885,2017-05-09,49.34
1886,2017-05-10,48.73
1887,2017-05-11,50.22
1888,2017-05-12,50.77
1889,2017-05-15,50.84
1890,2017-05-16,51.82
1891,2017-05-17,51.65
1892,2017-05-18,52.21
1893,2017-05-19,52.51
1894,2017-05-22,53.61
1895,2017-05-23,53.87
1896,2017-05-24,54.15
1897,2017-05-25,53.96
1898,2017-05-26,51.46
1899,2017-05-29,52.15
1900,2017-05-30,52.29
1901,2017-05-31,51.84
1902,2017-06-01,50.31
1903,2017-06-02,50.63
1904,2017-06-05,49.95
1905,2017-06-06,49.47
1906,2017-06-07,50.12
1907,2017-06-08,48.06
1908,2017-06-09,47.86
1909,2017-06-12,48.15
1910,2017-06-13,48.29
1911,2017-06-14,48.72
1912,2017-06-15,47.0
1913,2017-06-16,46.92
1914,2017-06-19,47.37
1915,2017-06-20,46.91
1916,2017-06-21,46.02
1917,2017-06-22,44.82
1918,2017-06-23,45.22
1919,2017-06-26,45.54
1920,2017-06-27,45.83
1921,2017-06-28,46.65
1922,2017-06-29,47.31
1923,2017-06-30,47.42
1924,2017-07-03,47.92
1925,2017-07-04,49.68
1926,2017-07-05,49.61
1927,2017-07-06,47.79
1928,2017-07-07,48.11
1929,2017-07-10,46.71
1930,2017-07-11,46.88
1931,2017-07-12,47.52
1932,2017-07-13,47.74
1933,2017-07-14,48.42
1934,2017-07-17,48.91
1935,2017-07-18,48.42
1936,2017-07-19,48.84
1937,2017-07-20,49.7
1938,2017-07-21,49.3
1939,2017-07-24,48.06
1940,2017-07-25,48.6
1941,2017-07-26,50.2
1942,2017-07-27,50.97
1943,2017-07-28,51.49
1944,2017-07-31,52.52
1945,2017-08-01,52.65
1946,2017-08-02,51.78
1947,2017-08-03,52.36
1948,2017-08-04,52.01
1949,2017-08-07,52.42
1950,2017-08-08,52.37
1951,2017-08-09,52.14
1952,2017-08-10,52.7
1953,2017-08-11,51.9
1954,2017-08-14,52.1
1955,2017-08-15,50.73
1956,2017-08-16,50.8
1957,2017-08-17,50.27
1958,2017-08-18,51.03
1959,2017-08-21,52.72
1960,2017-08-22,51.66
1961,2017-08-23,51.87
1962,2017-08-24,52.57
1963,2017-08-25,52.04
1964,2017-08-28,52.41
1965,2017-08-29,51.89
1966,2017-08-30,52.0
1967,2017-08-31,50.86
1968,2017-09-01,52.38
1969,2017-09-04,52.75
1970,2017-09-05,52.34
1971,2017-09-06,53.38
1972,2017-09-07,54.2
1973,2017-09-08,54.49
1974,2017-09-11,53.78
1975,2017-09-12,53.84
1976,2017-09-13,54.27
1977,2017-09-14,55.16
1978,2017-09-15,55.47
1979,2017-09-18,55.62
1980,2017-09-19,55.48
1981,2017-09-20,55.14
1982,2017-09-21,56.29
1983,2017-09-22,56.43
1984,2017-09-25,56.86
1985,2017-09-26,59.02
1986,2017-09-27,58.44
1987,2017-09-28,57.9
1988,2017-09-29,57.41
1989,2017-10-02,57.54
1990,2017-10-03,56.12
1991,2017-10-04,56.0
1992,2017-10-05,55.8
1993,2017-10-06,57.0
1994,2017-10-09,55.62
1995,2017-10-10,55.79
1996,2017-10-11,56.61
1997,2017-10-12,56.94
1998,2017-10-13,56.25
1999,2017-10-16,57.17
2000,2017-10-17,57.82
2001,2017-10-18,57.88
2002,2017-10-19,58.15
2003,2017-10-20,57.23
2004,2017-10-23,57.75
2005,2017-10-24,57.37
2006,2017-10-25,58.33
2007,2017-10-26,58.44
2008,2017-10-27,59.3
2009,2017-10-30,60.44
2010,2017-10-31,60.9
2011,2017-11-01,61.37
2012,2017-11-02,60.49
2013,2017-11-03,60.62
2014,2017-11-06,62.07
2015,2017-11-07,64.27
2016,2017-11-08,63.69
2017,2017-11-09,63.49
2018,2017-11-10,63.93
2019,2017-11-13,63.52
2020,2017-11-14,63.16
2021,2017-11-15,60.91
2022,2017-11-16,61.25
2023,2017-11-17,61.18
2024,2017-11-20,61.34
2025,2017-11-21,61.34
2026,2017-11-22,62.28
2027,2017-11-23,62.92
2028,2017-11-24,63.27
2029,2017-11-27,63.58
2030,2017-11-28,63.25
2031,2017-11-29,63.56
2032,2017-11-30,63.74
2033,2017-12-01,63.53
2034,2017-12-04,64.57
2035,2017-12-05,63.45
2036,2017-12-06,63.45
2037,2017-12-07,62.25
2038,2017-12-08,62.37
2039,2017-12-11,63.86
2040,2017-12-12,65.62
2041,2017-12-13,64.96
2042,2017-12-14,63.66
2043,2017-12-15,63.72
2044,2017-12-18,63.81
2045,2017-12-19,64.45
2046,2017-12-20,63.69
2047,2017-12-21,64.43
2048,2017-12-22,64.64
2049,2017-12-27,64.61
2050,2017-12-28,66.03
2051,2017-12-29,66.8
2052,2018-01-02,66.73
2053,2018-01-03,66.65
2054,2018-01-04,67.85
2055,2018-01-05,68.73
2056,2018-01-08,68.01
2057,2018-01-09,68.48
2058,2018-01-10,69.08
2059,2018-01-11,69.79
2060,2018-01-12,70.36
2061,2018-01-15,69.64
2062,2018-01-16,70.31
2063,2018-01-17,69.4
2064,2018-01-18,69.19
2065,2018-01-19,69.48
2066,2018-01-22,68.56
2067,2018-01-23,69.32
2068,2018-01-24,69.81
2069,2018-01-25,69.91
2070,2018-01-26,71.08
2071,2018-01-29,70.08
2072,2018-01-30,68.41
2073,2018-01-31,67.78
2074,2018-02-01,67.78
2075,2018-02-02,68.6
2076,2018-02-05,67.45
2077,2018-02-06,67.69
2078,2018-02-07,66.75
2079,2018-02-08,65.74
2080,2018-02-09,64.26
2081,2018-02-12,63.04
2082,2018-02-13,62.2
2083,2018-02-14,61.94
2084,2018-02-15,62.29
2085,2018-02-16,62.86
2086,2018-02-19,64.3
2087,2018-02-20,64.95
2088,2018-02-21,64.68
2089,2018-02-22,64.81
2090,2018-02-23,66.12
2091,2018-02-26,67.04
2092,2018-02-27,67.96
2093,2018-02-28,67.59
2094,2018-03-01,66.08
2095,2018-03-02,64.23
2096,2018-03-05,64.26
2097,2018-03-06,65.78
2098,2018-03-07,65.67
2099,2018-03-08,65.09
2100,2018-03-09,63.87
2101,2018-03-12,65.19
2102,2018-03-13,64.53
2103,2018-03-14,64.2
2104,2018-03-15,63.61
2105,2018-03-16,63.67
2106,2018-03-19,64.68
2107,2018-03-20,64.82
2108,2018-03-21,66.0
2109,2018-03-22,68.15
2110,2018-03-23,68.98
2111,2018-03-26,69.03
2112,2018-03-27,68.81
2113,2018-03-28,68.63
2114,2018-03-29,68.13
2115,2018-04-03,69.02
2116,2018-04-04,69.02
2117,2018-04-05,66.04
2118,2018-04-06,66.54
2119,2018-04-09,66.51
2120,2018-04-10,68.19
2121,2018-04-11,70.67
2122,2018-04-12,72.74
2123,2018-04-13,71.44
2124,2018-04-16,73.18
2125,2018-04-17,72.05
2126,2018-04-18,71.71
2127,2018-04-19,73.73
2128,2018-04-20,74.85
2129,2018-04-23,74.62
2130,2018-04-24,74.54
2131,2018-04-25,75.86
2132,2018-04-26,73.79
2133,2018-04-27,75.39
2134,2018-04-30,75.33
2135,2018-05-01,75.92
2136,2018-05-02,74.85
2137,2018-05-03,73.14
2138,2018-05-04,73.45
2139,2018-05-08,74.75
2140,2018-05-09,74.16
2141,2018-05-10,77.6
2142,2018-05-11,77.59
2143,2018-05-14,77.37
2144,2018-05-15,78.17
2145,2018-05-16,78.94
2146,2018-05-17,78.19
2147,2018-05-18,80.09
2148,2018-05-21,78.38
2149,2018-05-22,78.34
2150,2018-05-23,80.42
2151,2018-05-24,78.69
2152,2018-05-25,78.9
2153,2018-05-29,76.6
2154,2018-05-30,74.51
2155,2018-05-31,75.89
2156,2018-06-01,76.45
2157,2018-06-04,74.54
2158,2018-06-05,73.41
2159,2018-06-06,72.91
2160,2018-06-07,73.23
2161,2018-06-08,75.23
2162,2018-06-11,75.11
2163,2018-06-12,74.58
2164,2018-06-13,74.86
2165,2018-06-14,75.07
2166,2018-06-15,74.77
2167,2018-06-18,72.02
2168,2018-06-19,74.87
2169,2018-06-20,74.92
2170,2018-06-21,74.25
2171,2018-06-22,72.87
2172,2018-06-25,73.67
2173,2018-06-26,72.82
2174,2018-06-27,73.58
2175,2018-06-28,76.09
2176,2018-06-29,76.26
2177,2018-07-02,77.44
2178,2018-07-03,76.71
2179,2018-07-04,75.87
2180,2018-07-05,76.99
2181,2018-07-06,77.09
2182,2018-07-09,74.98
2183,2018-07-10,77.08
2184,2018-07-11,77.8
2185,2018-07-12,75.35
2186,2018-07-13,72.11
2187,2018-07-16,74.11
2188,2018-07-17,71.03
2189,2018-07-18,70.87
2190,2018-07-19,70.52
2191,2018-07-20,71.94
2192,2018-07-23,71.99
2193,2018-07-24,73.45
2194,2018-07-25,73.53
2195,2018-07-26,73.67
2196,2018-07-27,74.51
2197,2018-07-30,74.84
2198,2018-07-31,74.99
2199,2018-08-01,74.16
2200,2018-08-02,72.28
2201,2018-08-03,72.95
2202,2018-08-06,72.48
2203,2018-08-07,72.51
2204,2018-08-08,72.31
2205,2018-08-09,70.71
2206,2018-08-10,70.55
2207,2018-08-13,71.0
2208,2018-08-14,70.62
2209,2018-08-15,70.77
2210,2018-08-16,68.38
2211,2018-08-17,69.21
2212,2018-08-20,70.14
2213,2018-08-21,71.11
2214,2018-08-22,71.65
2215,2018-08-23,72.96
2216,2018-08-24,73.73
2217,2018-08-27,74.41
2218,2018-08-28,74.41
2219,2018-08-29,75.91
2220,2018-08-30,76.07
2221,2018-08-31,77.05
2222,2018-09-03,76.94
2223,2018-09-04,77.81
2224,2018-09-05,77.51
2225,2018-09-06,76.68
2226,2018-09-07,75.67
2227,2018-09-10,75.55
2228,2018-09-11,76.77
2229,2018-09-12,78.22
2230,2018-09-13,80.02
2231,2018-09-14,77.66
2232,2018-09-17,77.87
2233,2018-09-18,78.22
2234,2018-09-19,79.25
2235,2018-09-20,79.43
2236,2018-09-21,79.03
2237,2018-09-24,78.9
2238,2018-09-25,80.89
2239,2018-09-26,82.21
2240,2018-09-27,81.87
2241,2018-09-28,81.54
2242,2018-10-01,82.72
2243,2018-10-02,84.94
2244,2018-10-03,85.63
2245,2018-10-04,85.45
2246,2018-10-05,86.07
2247,2018-10-08,85.12
2248,2018-10-09,84.22
2249,2018-10-10,85.16
2250,2018-10-11,83.82
2251,2018-10-12,81.35
2252,2018-10-15,80.71
2253,2018-10-16,80.91
2254,2018-10-17,80.53
2255,2018-10-18,79.91
2256,2018-10-19,80.3
2257,2018-10-22,80.38
2258,2018-10-23,80.45
2259,2018-10-24,78.67
2260,2018-10-25,77.34
2261,2018-10-26,77.3
2262,2018-10-29,77.4
2263,2018-10-30,77.56
2264,2018-10-31,75.68
2265,2018-11-01,74.84
2266,2018-11-02,71.25
2267,2018-11-05,71.11
2268,2018-11-06,72.68
2269,2018-11-07,70.64
2270,2018-11-08,70.1
2271,2018-11-09,69.29
2272,2018-11-12,69.01
2273,2018-11-13,69.81
2274,2018-11-14,65.45
2275,2018-11-15,64.88
2276,2018-11-16,65.61
2277,2018-11-19,65.29
2278,2018-11-20,64.14
2279,2018-11-21,61.5
2280,2018-11-22,61.65
2281,2018-11-23,61.11
2282,2018-11-26,57.69
2283,2018-11-27,59.7
2284,2018-11-28,59.58
2285,2018-11-29,57.97
2286,2018-11-30,58.29
2287,2018-12-03,57.71
2288,2018-12-04,60.17
2289,2018-12-05,61.22
2290,2018-12-06,61.4
2291,2018-12-07,57.83
2292,2018-12-10,61.71
2293,2018-12-11,60.29
2294,2018-12-12,59.73
2295,2018-12-13,59.94
2296,2018-12-14,59.03
2297,2018-12-17,58.56
2298,2018-12-18,57.59
2299,2018-12-19,55.26
2300,2018-12-20,55.6
2301,2018-12-21,52.84
2302,2018-12-27,51.93
2303,2018-12-28,51.49
2304,2019-01-02,50.57
2305,2019-01-03,54.06
2306,2019-01-04,53.23
2307,2019-01-07,55.64
2308,2019-01-08,57.1
2309,2019-01-09,56.91
2310,2019-01-10,59.46
2311,2019-01-11,60.47
2312,2019-01-14,59.24
2313,2019-01-15,58.8
2314,2019-01-16,58.65
2315,2019-01-17,59.81
2316,2019-01-18,59.85
2317,2019-01-21,62.04
2318,2019-01-22,62.18
2319,2019-01-23,60.9
2320,2019-01-24,61.05
2321,2019-01-25,61.09
2322,2019-01-28,61.49
2323,2019-01-29,59.71
2324,2019-01-30,60.98
2325,2019-01-31,61.89
2326,2019-02-01,62.46
2327,2019-02-04,61.86
2328,2019-02-05,62.26
2329,2019-02-06,61.67
2330,2019-02-07,62.22
2331,2019-02-08,61.01
2332,2019-02-11,61.37
2333,2019-02-12,61.3
2334,2019-02-13,62.58
2335,2019-02-14,63.27
2336,2019-02-15,64.0
2337,2019-02-18,65.65
2338,2019-02-19,66.41
2339,2019-02-20,65.86
2340,2019-02-21,66.82
2341,2019-02-22,66.91
2342,2019-02-25,66.91
2343,2019-02-26,64.02
2344,2019-02-27,64.51
2345,2019-02-28,65.55
2346,2019-03-01,65.03
2347,2019-03-04,63.71
2348,2019-03-05,64.44
2349,2019-03-06,64.24
2350,2019-03-07,64.51
2351,2019-03-08,64.82
2352,2019-03-11,65.66
2353,2019-03-12,65.06
2354,2019-03-13,65.33
2355,2019-03-14,65.89
2356,2019-03-15,66.18
2357,2019-03-18,66.11
2358,2019-03-19,66.65
2359,2019-03-20,67.13
2360,2019-03-21,68.35
2361,2019-03-22,68.3
2362,2019-03-25,66.29
2363,2019-03-26,67.37
2364,2019-03-27,67.51
2365,2019-03-28,67.35
2366,2019-03-29,66.08
2367,2019-04-01,67.93
2368,2019-04-02,69.08
2369,2019-04-03,69.68
2370,2019-04-04,69.21
2371,2019-04-05,69.8
2372,2019-04-08,69.93
2373,2019-04-09,71.12
2374,2019-04-10,71.02
2375,2019-04-11,71.63
2376,2019-04-12,71.3
2377,2019-04-15,71.57
2378,2019-04-16,70.9
2379,2019-04-17,70.74
2380,2019-04-18,71.14
2381,2019-04-23,70.71
2382,2019-04-24,74.39
2383,2019-04-25,73.59
2384,2019-04-26,74.94
2385,2019-04-29,71.03
2386,2019-04-30,71.22
2387,2019-05-01,72.19
2388,2019-05-02,72.01
2389,2019-05-03,70.56
2390,2019-05-06,71.95
2391,2019-05-07,71.95
2392,2019-05-08,70.98
2393,2019-05-09,71.09
2394,2019-05-10,70.61
2395,2019-05-13,71.63
2396,2019-05-14,72.35
2397,2019-05-15,72.53
2398,2019-05-16,73.09
2399,2019-05-17,74.7
2400,2019-05-20,73.94
2401,2019-05-21,73.21
2402,2019-05-22,72.94
2403,2019-05-23,71.94
2404,2019-05-24,68.37
2405,2019-05-28,67.98
2406,2019-05-29,70.19
2407,2019-05-30,70.64
2408,2019-05-31,69.55
2409,2019-06-03,66.78
2410,2019-06-04,63.16
2411,2019-06-05,63.56
2412,2019-06-06,62.14
2413,2019-06-07,62.77
2414,2019-06-10,64.1
2415,2019-06-11,64.31
2416,2019-06-12,63.56
2417,2019-06-13,61.66
2418,2019-06-14,63.28
2419,2019-06-17,63.13
2420,2019-06-18,62.56
2421,2019-06-19,63.35
2422,2019-06-20,62.85
2423,2019-06-21,65.44
2424,2019-06-24,65.99
2425,2019-06-25,65.16
2426,2019-06-26,66.24
2427,2019-06-27,66.85
2428,2019-06-28,66.78
2429,2019-07-01,67.52
2430,2019-07-02,65.1
2431,2019-07-03,62.72
2432,2019-07-04,63.53
2433,2019-07-05,63.62
2434,2019-07-08,64.23
2435,2019-07-09,64.89
2436,2019-07-10,64.3
2437,2019-07-11,66.41
2438,2019-07-12,67.64
2439,2019-07-15,66.65
2440,2019-07-16,66.86
2441,2019-07-17,65.87
2442,2019-07-18,63.67
2443,2019-07-19,60.7
2444,2019-07-22,61.04
2445,2019-07-23,61.96
2446,2019-07-24,62.28
2447,2019-07-25,63.83
2448,2019-07-26,63.47
2449,2019-07-29,62.46
2450,2019-07-30,62.29
2451,2019-07-31,62.55
2452,2019-08-01,64.07
2453,2019-08-02,62.9
2454,2019-08-05,61.12
2455,2019-08-06,59.32
2456,2019-08-07,58.63
2457,2019-08-08,55.03
2458,2019-08-09,56.29
2459,2019-08-12,57.37
2460,2019-08-13,57.13
2461,2019-08-14,59.9
2462,2019-08-15,57.86
2463,2019-08-16,57.37
2464,2019-08-19,59.0
2465,2019-08-20,59.79
2466,2019-08-21,59.03
2467,2019-08-22,60.6
2468,2019-08-23,59.81
2469,2019-08-26,58.64
2470,2019-08-27,58.64
2471,2019-08-28,58.44
2472,2019-08-29,60.42
2473,2019-08-30,60.59
2474,2019-09-02,61.04
2475,2019-09-03,58.55
2476,2019-09-04,57.93
2477,2019-09-05,60.68
2478,2019-09-06,62.7
2479,2019-09-09,61.28
2480,2019-09-10,63.99
2481,2019-09-11,64.67
2482,2019-09-12,63.02
2483,2019-09-13,60.76
2484,2019-09-16,61.25
2485,2019-09-17,68.42
2486,2019-09-18,65.59
2487,2019-09-19,64.29
2488,2019-09-20,64.25
2489,2019-09-23,65.23
2490,2019-09-24,64.66
2491,2019-09-25,64.13
2492,2019-09-26,62.41
2493,2019-09-27,62.08
2494,2019-09-30,62.48
2495,2019-10-01,60.99
2496,2019-10-02,60.06
2497,2019-10-03,57.92
2498,2019-10-04,58.01
2499,2019-10-07,59.13
2500,2019-10-08,59.46
2501,2019-10-09,58.14
2502,2019-10-10,59.7
2503,2019-10-11,59.08
2504,2019-10-14,60.59
2505,2019-10-15,58.81
2506,2019-10-16,59.19
2507,2019-10-17,59.3
2508,2019-10-18,59.35
2509,2019-10-21,59.96
2510,2019-10-22,58.95
2511,2019-10-23,60.5
2512,2019-10-24,60.52
2513,2019-10-25,61.71
2514,2019-10-28,62.06
2515,2019-10-29,60.39
2516,2019-10-30,61.05
2517,2019-10-31,60.22
2518,2019-11-01,59.3
2519,2019-11-04,60.17
2520,2019-11-05,62.52
2521,2019-11-06,62.72
2522,2019-11-07,62.11
2523,2019-11-08,62.6
2524,2019-11-11,62.0
2525,2019-11-12,62.58
2526,2019-11-13,62.19
2527,2019-11-14,62.27
2528,2019-11-15,62.46
2529,2019-11-18,63.32
