,date,raw_oil
1,2009-11-25,74.88
2,2009-11-27,77.25
3,2009-11-30,75.95
4,2009-12-01,77.19
5,2009-12-02,78.39
6,2009-12-03,76.62
7,2009-12-04,76.42
8,2009-12-07,75.41
9,2009-12-08,73.89
10,2009-12-09,72.59
11,2009-12-10,70.67
12,2009-12-11,70.54
13,2009-12-14,69.86
14,2009-12-15,69.48
15,2009-12-16,70.62
16,2009-12-17,72.64
17,2009-12-18,72.58
18,2009-12-21,73.3
19,2009-12-22,72.71
20,2009-12-23,73.48
21,2009-12-24,76.03
22,2009-12-28,76.83
23,2009-12-29,78.67
24,2009-12-30,78.87
25,2009-12-31,79.35
26,2010-01-04,79.39
27,2010-01-05,81.52
28,2010-01-06,81.74
29,2010-01-07,83.12
30,2010-01-08,82.6
31,2010-01-11,82.74
32,2010-01-12,82.54
33,2010-01-13,80.79
34,2010-01-14,79.66
35,2010-01-15,79.35
36,2010-01-19,77.96
37,2010-01-20,78.98
38,2010-01-21,77.42
39,2010-01-22,75.84
40,2010-01-25,74.25
41,2010-01-26,74.9
42,2010-01-27,74.67
43,2010-01-28,73.64
44,2010-01-29,73.62
45,2010-02-01,72.85
46,2010-02-02,74.41
47,2010-02-03,77.21
48,2010-02-04,76.96
49,2010-02-05,73.13
50,2010-02-08,71.15
51,2010-02-09,71.87
52,2010-02-10,73.71
53,2010-02-11,74.48
54,2010-02-12,75.23
55,2010-02-16,74.11
56,2010-02-17,76.98
57,2010-02-18,77.27
58,2010-02-19,78.97
59,2010-02-22,79.77
60,2010-02-23,80.04
61,2010-02-24,78.61
62,2010-02-25,79.75
63,2010-02-26,77.99
64,2010-03-01,79.72
65,2010-03-02,78.71
66,2010-03-03,79.62
67,2010-03-04,80.91
68,2010-03-05,80.21
69,2010-03-08,81.5
70,2010-03-09,81.85
71,2010-03-10,81.5
72,2010-03-11,82.07
73,2010-03-12,82.1
74,2010-03-15,81.26
75,2010-03-16,79.79
76,2010-03-17,81.75
77,2010-03-18,82.93
78,2010-03-19,82.16
79,2010-03-22,80.58
80,2010-03-23,81.26
81,2010-03-24,81.68
82,2010-03-25,80.29
83,2010-03-26,80.25
84,2010-03-29,79.75
85,2010-03-30,81.92
86,2010-03-31,82.14
87,2010-04-01,83.45
88,2010-04-05,84.53
89,2010-04-06,86.36
90,2010-04-07,86.54
91,2010-04-08,85.64
92,2010-04-09,85.17
93,2010-04-12,84.6
94,2010-04-13,84.07
95,2010-04-14,83.8
96,2010-04-15,85.62
97,2010-04-16,85.25
98,2010-04-19,82.97
99,2010-04-20,81.52
100,2010-04-21,82.98
101,2010-04-22,82.78
102,2010-04-23,82.89
103,2010-04-26,84.34
104,2010-04-27,84.2
105,2010-04-28,82.43
106,2010-04-29,83.22
107,2010-04-30,85.17
108,2010-05-03,86.07
109,2010-05-04,86.19
110,2010-05-05,82.73
111,2010-05-06,80.0
112,2010-05-07,77.18
113,2010-05-10,75.1
114,2010-05-11,76.89
115,2010-05-12,76.37
116,2010-05-13,75.65
117,2010-05-14,74.38
118,2010-05-17,71.61
119,2010-05-18,70.08
120,2010-05-19,69.38
121,2010-05-20,69.91
122,2010-05-21,68.28
123,2010-05-24,68.03
124,2010-05-25,68.23
125,2010-05-26,64.78
126,2010-05-27,71.52
127,2010-05-28,74.56
128,2010-06-01,74.0
129,2010-06-02,72.7
130,2010-06-03,72.88
131,2010-06-04,74.62
132,2010-06-07,71.43
133,2010-06-08,71.55
134,2010-06-09,71.88
135,2010-06-10,74.38
136,2010-06-11,75.48
137,2010-06-14,73.89
138,2010-06-15,74.99
139,2010-06-16,76.84
140,2010-06-17,77.67
141,2010-06-18,76.82
142,2010-06-21,77.18
143,2010-06-22,77.84
144,2010-06-23,77.15
145,2010-06-24,75.9
146,2010-06-25,75.96
147,2010-06-28,78.45
148,2010-06-29,78.26
149,2010-06-30,75.93
150,2010-07-01,75.59
151,2010-07-02,72.95
152,2010-07-06,72.06
153,2010-07-07,71.96
154,2010-07-08,74.05
155,2010-07-09,75.46
156,2010-07-12,76.08
157,2010-07-13,74.93
158,2010-07-14,77.16
159,2010-07-15,77.02
160,2010-07-16,76.67
161,2010-07-19,75.96
162,2010-07-20,76.53
163,2010-07-21,77.32
164,2010-07-22,76.27
165,2010-07-23,79.01
166,2010-07-26,78.68
167,2010-07-27,78.93
168,2010-07-28,77.46
169,2010-07-29,77.06
170,2010-07-30,78.3
171,2010-08-02,78.85
172,2010-08-03,81.25
173,2010-08-04,82.52
174,2010-08-05,82.49
175,2010-08-06,82.0
176,2010-08-09,80.67
177,2010-08-10,81.46
178,2010-08-11,80.24
179,2010-08-12,78.09
180,2010-08-13,75.68
181,2010-08-16,75.39
182,2010-08-17,75.17
183,2010-08-18,75.76
184,2010-08-19,75.39
185,2010-08-20,74.45
186,2010-08-23,73.45
187,2010-08-24,72.71
188,2010-08-25,71.24
189,2010-08-26,72.07
190,2010-08-27,73.36
191,2010-08-30,75.17
192,2010-08-31,74.69
193,2010-09-01,71.93
194,2010-09-02,73.97
195,2010-09-03,74.99
196,2010-09-07,74.52
197,2010-09-08,73.98
198,2010-09-09,74.65
199,2010-09-10,74.25
200,2010-09-13,76.4
201,2010-09-14,77.17
202,2010-09-15,76.78
203,2010-09-16,75.92
204,2010-09-17,74.58
205,2010-09-20,73.63
206,2010-09-21,74.81
207,2010-09-22,72.96
208,2010-09-23,72.98
209,2010-09-24,73.4
210,2010-09-27,74.63
211,2010-09-28,76.51
212,2010-09-29,76.15
213,2010-09-30,77.85
214,2010-10-01,79.95
215,2010-10-04,81.57
216,2010-10-05,81.43
217,2010-10-06,82.83
218,2010-10-07,83.21
219,2010-10-08,81.34
220,2010-10-11,82.66
221,2010-10-12,82.18
222,2010-10-13,81.67
223,2010-10-14,83.03
224,2010-10-15,82.71
225,2010-10-18,81.23
226,2010-10-19,83.06
227,2010-10-20,79.57
228,2010-10-21,81.93
229,2010-10-22,80.03
230,2010-10-25,81.15
231,2010-10-26,82.0
232,2010-10-27,82.6
233,2010-10-28,81.9
234,2010-10-29,82.2
235,2010-11-01,81.45
236,2010-11-02,82.94
237,2010-11-03,83.91
238,2010-11-04,84.45
239,2010-11-05,86.49
240,2010-11-08,86.85
241,2010-11-09,87.07
242,2010-11-10,87.04
243,2010-11-11,87.77
244,2010-11-12,87.77
245,2010-11-15,84.89
246,2010-11-16,84.88
247,2010-11-17,82.33
248,2010-11-18,80.43
249,2010-11-19,81.88
250,2010-11-22,81.65
251,2010-11-23,81.24
252,2010-11-24,80.79
253,2010-11-26,83.21
254,2010-11-29,83.87
255,2010-11-30,85.73
256,2010-12-01,84.12
257,2010-12-02,86.75
258,2010-12-03,87.98
259,2010-12-06,89.18
260,2010-12-07,89.33
261,2010-12-08,88.69
262,2010-12-09,88.3
263,2010-12-10,88.35
264,2010-12-13,87.81
265,2010-12-14,88.62
266,2010-12-15,88.33
267,2010-12-16,88.66
268,2010-12-17,87.71
269,2010-12-20,88.02
270,2010-12-21,88.68
271,2010-12-22,89.3
272,2010-12-23,89.83
273,2010-12-27,90.84
274,2010-12-28,90.99
275,2010-12-29,91.48
276,2010-12-30,91.13
277,2010-12-31,89.85
278,2011-01-03,91.38
279,2011-01-04,91.59
280,2011-01-05,89.39
281,2011-01-06,90.3
282,2011-01-07,88.37
283,2011-01-10,88.07
284,2011-01-11,89.24
285,2011-01-12,91.11
286,2011-01-13,91.85
287,2011-01-14,91.39
288,2011-01-18,91.53
289,2011-01-19,91.38
290,2011-01-20,90.85
291,2011-01-21,88.56
292,2011-01-24,88.22
293,2011-01-25,86.74
294,2011-01-26,85.08
295,2011-01-27,86.15
296,2011-01-28,84.45
297,2011-01-31,88.15
298,2011-02-01,90.99
299,2011-02-02,89.54
300,2011-02-03,89.78
301,2011-02-04,89.42
302,2011-02-07,87.87
303,2011-02-08,86.3
304,2011-02-09,85.85
305,2011-02-10,85.59
306,2011-02-11,85.44
307,2011-02-14,84.39
308,2011-02-15,83.66
309,2011-02-16,83.13
310,2011-02-17,83.8
311,2011-02-18,85.05
312,2011-02-22,85.03
313,2011-02-23,92.65
314,2011-02-24,96.04
315,2011-02-25,95.83
316,2011-02-28,96.52
317,2011-03-01,97.1
318,2011-03-02,99.63
319,2011-03-03,102.27
320,2011-03-04,101.92
321,2011-03-07,104.34
322,2011-03-08,105.37
323,2011-03-09,105.06
324,2011-03-10,104.39
325,2011-03-11,102.73
326,2011-03-14,101.14
327,2011-03-15,101.2
328,2011-03-16,97.23
329,2011-03-17,97.99
330,2011-03-18,101.47
331,2011-03-21,101.06
332,2011-03-22,102.36
333,2011-03-23,104.53
334,2011-03-24,105.21
335,2011-03-25,105.04
336,2011-03-28,104.89
337,2011-03-29,103.54
338,2011-03-30,104.34
339,2011-03-31,103.8
340,2011-04-01,106.19
341,2011-04-04,107.55
342,2011-04-05,108.14
343,2011-04-06,107.82
344,2011-04-07,108.38
345,2011-04-08,109.82
346,2011-04-11,112.27
347,2011-04-12,109.5
348,2011-04-13,105.75
349,2011-04-14,106.6
350,2011-04-15,107.73
351,2011-04-18,109.17
352,2011-04-19,106.7
353,2011-04-20,107.18
354,2011-04-21,110.84
355,2011-04-25,111.72
356,2011-04-26,111.68
357,2011-04-27,111.72
358,2011-04-28,112.31
359,2011-04-29,112.38
360,2011-05-02,113.39
361,2011-05-03,113.03
362,2011-05-04,110.6
363,2011-05-05,108.79
364,2011-05-06,99.89
365,2011-05-09,96.87
366,2011-05-10,100.32
367,2011-05-11,103.39
368,2011-05-12,97.88
369,2011-05-13,98.53
370,2011-05-16,99.21
371,2011-05-17,96.91
372,2011-05-18,96.4
373,2011-05-19,99.52
374,2011-05-20,97.99
375,2011-05-23,99.15
376,2011-05-24,97.06
377,2011-05-25,99.13
378,2011-05-26,100.78
379,2011-05-27,100.18
380,2011-05-31,100.58
381,2011-06-01,102.7
382,2011-06-02,100.3
383,2011-06-03,100.41
384,2011-06-06,100.28
385,2011-06-07,99.07
386,2011-06-08,99.18
387,2011-06-09,100.77
388,2011-06-10,101.95
389,2011-06-13,99.3
390,2011-06-14,97.2
391,2011-06-15,99.37
392,2011-06-16,94.83
393,2011-06-17,94.95
394,2011-06-20,93.02
395,2011-06-21,93.23
396,2011-06-22,93.7
397,2011-06-23,94.96
398,2011-06-24,90.7
399,2011-06-27,90.89
400,2011-06-28,90.65
401,2011-06-29,92.9
402,2011-06-30,94.85
403,2011-07-01,95.3
404,2011-07-05,94.81
405,2011-07-06,96.92
406,2011-07-07,96.67
407,2011-07-08,98.7
408,2011-07-11,96.2
409,2011-07-12,95.16
410,2011-07-13,97.41
411,2011-07-14,98.04
412,2011-07-15,95.75
413,2011-07-18,97.24
414,2011-07-19,95.94
415,2011-07-20,97.49
416,2011-07-21,98.11
417,2011-07-22,98.96
418,2011-07-25,99.53
419,2011-07-26,98.97
420,2011-07-27,99.61
421,2011-07-28,97.4
422,2011-07-29,97.48
423,2011-08-01,95.68
424,2011-08-02,94.98
425,2011-08-03,93.78
426,2011-08-04,91.87
427,2011-08-05,86.75
428,2011-08-08,86.89
429,2011-08-09,81.27
430,2011-08-10,79.32
431,2011-08-11,83.05
432,2011-08-12,85.48
433,2011-08-15,85.19
434,2011-08-16,87.88
435,2011-08-17,86.65
436,2011-08-18,87.58
437,2011-08-19,82.38
438,2011-08-22,82.33
439,2011-08-23,84.42
440,2011-08-24,85.35
441,2011-08-25,84.99
442,2011-08-26,85.15
443,2011-08-29,85.37
444,2011-08-30,87.27
445,2011-08-31,88.9
446,2011-09-01,88.81
447,2011-09-02,88.93
448,2011-09-06,86.45
449,2011-09-07,85.99
450,2011-09-08,89.34
451,2011-09-09,89.05
452,2011-09-12,87.24
453,2011-09-13,88.19
454,2011-09-14,90.21
455,2011-09-15,88.91
456,2011-09-16,89.4
457,2011-09-19,87.96
458,2011-09-20,85.7
459,2011-09-21,86.92
460,2011-09-22,85.77
461,2011-09-23,80.29
462,2011-09-26,79.58
463,2011-09-27,79.97
464,2011-09-28,84.18
465,2011-09-29,80.94
466,2011-09-30,81.87
467,2011-10-03,78.93
468,2011-10-04,77.34
469,2011-10-05,75.4
470,2011-10-06,79.41
471,2011-10-07,82.32
472,2011-10-10,82.7
473,2011-10-11,85.14
474,2011-10-12,85.54
475,2011-10-13,85.3
476,2011-10-14,83.96
477,2011-10-17,86.8
478,2011-10-18,86.38
479,2011-10-19,88.34
480,2011-10-20,86.11
481,2011-10-21,86.07
482,2011-10-24,87.19
483,2011-10-25,91.12
484,2011-10-26,92.98
485,2011-10-27,90.2
486,2011-10-28,93.96
487,2011-10-31,93.32
488,2011-11-01,93.19
489,2011-11-02,92.19
490,2011-11-03,92.51
491,2011-11-04,94.07
492,2011-11-07,94.26
493,2011-11-08,95.52
494,2011-11-09,96.8
495,2011-11-10,95.74
496,2011-11-11,97.78
497,2011-11-14,98.99
498,2011-11-15,98.14
499,2011-11-16,99.37
500,2011-11-17,102.59
501,2011-11-18,98.82
502,2011-11-21,97.67
503,2011-11-22,96.73
504,2011-11-23,97.76
505,2011-11-25,96.16
506,2011-11-28,96.91
507,2011-11-29,98.21
508,2011-11-30,99.79
509,2011-12-01,100.36
510,2011-12-02,100.2
511,2011-12-05,100.97
512,2011-12-06,100.94
513,2011-12-07,101.25
514,2011-12-08,100.45
515,2011-12-09,98.35
516,2011-12-12,99.4
517,2011-12-13,97.77
518,2011-12-14,100.24
519,2011-12-15,94.92
520,2011-12-16,93.84
521,2011-12-19,93.55
522,2011-12-20,93.86
523,2011-12-21,97.16
524,2011-12-22,98.54
525,2011-12-23,99.42
526,2011-12-27,99.72
527,2011-12-28,101.29
528,2011-12-29,99.44
529,2011-12-30,99.68
530,2012-01-03,98.83
531,2012-01-04,102.96
532,2012-01-05,103.22
533,2012-01-06,101.81
534,2012-01-09,101.56
535,2012-01-10,101.31
536,2012-01-11,102.24
537,2012-01-12,100.89
538,2012-01-13,99.03
539,2012-01-17,98.69
540,2012-01-18,100.7
541,2012-01-19,100.61
542,2012-01-20,100.32
543,2012-01-23,98.15
544,2012-01-24,99.47
545,2012-01-25,98.84
546,2012-01-26,99.23
547,2012-01-27,99.76
548,2012-01-30,99.47
549,2012-01-31,98.75
550,2012-02-01,98.46
551,2012-02-02,97.63
552,2012-02-03,96.36
553,2012-02-06,97.8
554,2012-02-07,96.89
555,2012-02-08,98.55
556,2012-02-09,98.8
557,2012-02-10,99.88
558,2012-02-13,98.68
559,2012-02-14,100.39
560,2012-02-15,100.82
561,2012-02-16,101.82
562,2012-02-17,102.33
563,2012-02-21,103.27
564,2012-02-22,105.88
565,2012-02-23,105.99
566,2012-02-24,107.44
567,2012-02-27,109.39
568,2012-02-28,108.49
569,2012-02-29,106.59
570,2012-03-01,107.08
571,2012-03-02,108.76
572,2012-03-05,106.68
573,2012-03-06,106.7
574,2012-03-07,104.71
575,2012-03-08,106.16
576,2012-03-09,106.65
577,2012-03-12,107.4
578,2012-03-13,106.34
579,2012-03-14,106.7
580,2012-03-15,105.49
581,2012-03-16,105.19
582,2012-03-19,107.03
583,2012-03-20,108.09
584,2012-03-21,105.68
585,2012-03-22,106.87
586,2012-03-23,104.98
587,2012-03-26,106.43
588,2012-03-27,107.07
589,2012-03-28,107.32
590,2012-03-29,105.4
591,2012-03-30,102.79
592,2012-04-02,103.03
593,2012-04-03,105.25
594,2012-04-04,104.02
595,2012-04-05,101.53
596,2012-04-09,103.29
597,2012-04-10,102.45
598,2012-04-11,101.12
599,2012-04-12,102.66
600,2012-04-13,103.69
601,2012-04-16,102.84
602,2012-04-17,102.92
603,2012-04-18,104.23
604,2012-04-19,102.65
605,2012-04-20,102.38
606,2012-04-23,103.58
607,2012-04-24,102.68
608,2012-04-25,103.1
609,2012-04-26,103.72
610,2012-04-27,104.56
611,2012-04-30,104.86
612,2012-05-01,104.89
613,2012-05-02,106.17
614,2012-05-03,105.25
615,2012-05-04,102.56
616,2012-05-07,98.49
617,2012-05-08,97.86
618,2012-05-09,97.13
619,2012-05-10,96.8
620,2012-05-11,97.1
621,2012-05-14,96.03
622,2012-05-15,94.75
623,2012-05-16,93.97
624,2012-05-17,92.78
625,2012-05-18,92.53
626,2012-05-21,91.51
627,2012-05-22,92.57
628,2012-05-23,91.44
629,2012-05-24,89.4
630,2012-05-25,90.36
631,2012-05-29,90.64
632,2012-05-30,90.75
633,2012-05-31,87.79
634,2012-06-01,86.52
635,2012-06-04,83.17
636,2012-06-05,83.95
637,2012-06-06,84.31
638,2012-06-07,85.05
639,2012-06-08,84.78
640,2012-06-11,84.08
641,2012-06-12,82.58
642,2012-06-13,83.35
643,2012-06-14,82.56
644,2012-06-15,83.83
645,2012-06-18,84.03
646,2012-06-19,83.26
647,2012-06-20,83.99
648,2012-06-21,81.06
649,2012-06-22,77.91
650,2012-06-25,79.33
651,2012-06-26,78.76
652,2012-06-27,79.34
653,2012-06-28,80.27
654,2012-06-29,77.72
655,2012-07-02,85.04
656,2012-07-03,83.72
657,2012-07-05,87.74
658,2012-07-06,87.11
659,2012-07-09,84.37
660,2012-07-10,85.93
661,2012-07-11,83.92
662,2012-07-12,85.88
663,2012-07-13,86.02
664,2012-07-16,87.15
665,2012-07-17,88.41
666,2012-07-18,89.07
667,2012-07-19,89.88
668,2012-07-20,92.78
669,2012-07-23,91.56
670,2012-07-24,87.77
671,2012-07-25,88.28
672,2012-07-26,88.8
673,2012-07-27,89.4
674,2012-07-30,90.13
675,2012-07-31,89.8
676,2012-08-01,88.08
677,2012-08-02,88.99
678,2012-08-03,87.22
679,2012-08-06,91.4
680,2012-08-07,92.3
681,2012-08-08,93.68
682,2012-08-09,93.39
683,2012-08-10,93.39
684,2012-08-13,92.94
685,2012-08-14,92.76
686,2012-08-15,93.4
687,2012-08-16,94.35
688,2012-08-17,95.66
689,2012-08-20,96.0
690,2012-08-21,96.03
691,2012-08-22,96.55
692,2012-08-23,96.89
693,2012-08-24,95.87
694,2012-08-27,95.78
695,2012-08-28,95.54
696,2012-08-29,96.3
697,2012-08-30,95.5
698,2012-08-31,94.61
699,2012-09-04,96.47
700,2012-09-05,95.34
701,2012-09-06,95.37
702,2012-09-07,95.58
703,2012-09-10,96.41
704,2012-09-11,96.52
705,2012-09-12,97.03
706,2012-09-13,97.02
707,2012-09-14,98.3
708,2012-09-17,98.94
709,2012-09-18,96.51
710,2012-09-19,95.25
711,2012-09-20,91.97
712,2012-09-21,92.14
713,2012-09-24,92.64
714,2012-09-25,91.68
715,2012-09-26,91.07
716,2012-09-27,89.92
717,2012-09-28,91.89
718,2012-10-01,92.18
719,2012-10-02,92.44
720,2012-10-03,91.88
721,2012-10-04,88.19
722,2012-10-05,91.69
723,2012-10-08,89.87
724,2012-10-09,89.43
725,2012-10-10,92.42
726,2012-10-11,91.24
727,2012-10-12,92.19
728,2012-10-15,91.83
729,2012-10-16,91.84
730,2012-10-17,92.07
731,2012-10-18,92.04
732,2012-10-19,92.0
733,2012-10-22,90.0
734,2012-10-23,88.3
735,2012-10-24,86.65
736,2012-10-25,85.39
737,2012-10-26,85.59
738,2012-10-29,85.84
739,2012-10-30,85.52
740,2012-10-31,85.65
741,2012-11-01,86.23
742,2012-11-02,87.05
743,2012-11-05,84.9
744,2012-11-06,85.64
745,2012-11-07,88.62
746,2012-11-08,84.5
747,2012-11-09,85.07
748,2012-11-12,86.08
749,2012-11-13,85.56
750,2012-11-14,85.38
751,2012-11-15,86.32
752,2012-11-16,85.45
753,2012-11-19,86.62
754,2012-11-20,89.05
755,2012-11-21,86.46
756,2012-11-23,87.08
757,2012-11-26,87.01
758,2012-11-27,87.28
759,2012-11-28,86.81
760,2012-11-29,86.1
761,2012-11-30,87.64
762,2012-12-03,88.54
763,2012-12-04,88.69
764,2012-12-05,88.04
765,2012-12-06,87.36
766,2012-12-07,85.47
767,2012-12-10,85.45
768,2012-12-11,85.14
769,2012-12-12,85.36
770,2012-12-13,86.35
771,2012-12-14,85.39
772,2012-12-17,86.32
773,2012-12-18,86.71
774,2012-12-19,87.46
775,2012-12-20,89.09
776,2012-12-21,89.76
777,2012-12-24,88.2
778,2012-12-26,88.29
779,2012-12-27,90.71
780,2012-12-28,90.91
781,2012-12-31,90.66
782,2013-01-02,91.83
783,2013-01-03,93.14
784,2013-01-04,92.97
785,2013-01-07,93.12
786,2013-01-08,93.2
787,2013-01-09,93.21
788,2013-01-10,93.08
789,2013-01-11,93.81
790,2013-01-14,93.6
791,2013-01-15,94.27
792,2013-01-16,93.26
793,2013-01-17,94.28
794,2013-01-18,95.49
795,2013-01-22,95.61
796,2013-01-23,96.09
797,2013-01-24,95.06
798,2013-01-25,95.35
799,2013-01-28,95.15
800,2013-01-29,95.95
801,2013-01-30,97.62
802,2013-01-31,97.98
803,2013-02-01,97.65
804,2013-02-04,97.46
805,2013-02-05,96.21
806,2013-02-06,96.68
807,2013-02-07,96.44
808,2013-02-08,95.84
809,2013-02-11,95.71
810,2013-02-12,97.01
811,2013-02-13,97.48
812,2013-02-14,97.03
813,2013-02-15,97.3
814,2013-02-19,95.95
815,2013-02-20,96.69
816,2013-02-21,94.92
817,2013-02-22,92.79
818,2013-02-25,93.12
819,2013-02-26,92.74
820,2013-02-27,92.63
821,2013-02-28,92.84
822,2013-03-01,92.03
823,2013-03-04,90.71
824,2013-03-05,90.13
825,2013-03-06,90.88
826,2013-03-07,90.47
827,2013-03-08,91.53
828,2013-03-11,92.01
829,2013-03-12,92.07
830,2013-03-13,92.44
831,2013-03-14,92.47
832,2013-03-15,93.03
833,2013-03-18,93.49
834,2013-03-19,93.71
835,2013-03-20,92.44
836,2013-03-21,93.21
837,2013-03-22,92.46
838,2013-03-25,93.41
839,2013-03-26,94.55
840,2013-03-27,95.99
841,2013-03-28,96.53
842,2013-04-01,97.24
843,2013-04-02,97.1
844,2013-04-03,97.23
845,2013-04-04,95.02
846,2013-04-05,93.26
847,2013-04-08,92.76
848,2013-04-09,93.36
849,2013-04-10,94.18
850,2013-04-11,94.59
851,2013-04-12,93.44
852,2013-04-15,91.23
853,2013-04-16,88.75
854,2013-04-17,88.73
855,2013-04-18,86.65
856,2013-04-19,87.83
857,2013-04-22,88.04
858,2013-04-23,88.81
859,2013-04-24,89.21
860,2013-04-25,91.07
861,2013-04-26,93.27
862,2013-04-29,92.63
863,2013-04-30,94.09
864,2013-05-01,93.22
865,2013-05-02,90.74
866,2013-05-03,93.7
867,2013-05-06,95.25
868,2013-05-07,95.8
869,2013-05-08,95.28
870,2013-05-09,96.24
871,2013-05-10,96.09
872,2013-05-13,95.81
873,2013-05-14,94.76
874,2013-05-15,93.96
875,2013-05-16,93.95
876,2013-05-17,94.85
877,2013-05-20,95.72
878,2013-05-21,96.29
879,2013-05-22,95.55
880,2013-05-23,93.98
881,2013-05-24,94.12
882,2013-05-28,93.84
883,2013-05-29,94.65
884,2013-05-30,93.13
885,2013-05-31,93.57
886,2013-06-03,91.93
887,2013-06-04,93.41
888,2013-06-05,93.36
889,2013-06-06,93.66
890,2013-06-07,94.71
891,2013-06-10,96.11
892,2013-06-11,95.82
893,2013-06-12,95.5
894,2013-06-13,95.98
895,2013-06-14,96.66
896,2013-06-17,97.83
897,2013-06-18,97.86
898,2013-06-19,98.46
899,2013-06-20,98.24
900,2013-06-21,94.89
901,2013-06-24,93.81
902,2013-06-25,95.07
903,2013-06-26,95.25
904,2013-06-27,95.47
905,2013-06-28,97.0
906,2013-07-01,96.36
907,2013-07-02,97.94
908,2013-07-03,99.65
909,2013-07-05,101.92
910,2013-07-08,103.09
911,2013-07-09,103.03
912,2013-07-10,103.46
913,2013-07-11,106.41
914,2013-07-12,104.77
915,2013-07-15,105.85
916,2013-07-16,106.2
917,2013-07-17,105.88
918,2013-07-18,106.39
919,2013-07-19,107.94
920,2013-07-22,108.0
921,2013-07-23,106.61
922,2013-07-24,107.13
923,2013-07-25,105.41
924,2013-07-26,105.47
925,2013-07-29,104.76
926,2013-07-30,104.61
927,2013-07-31,103.14
928,2013-08-01,105.1
929,2013-08-02,107.93
930,2013-08-05,106.94
931,2013-08-06,106.61
932,2013-08-07,105.32
933,2013-08-08,104.41
934,2013-08-09,103.45
935,2013-08-12,106.04
936,2013-08-13,106.19
937,2013-08-14,106.78
938,2013-08-15,106.89
939,2013-08-16,107.43
940,2013-08-19,107.58
941,2013-08-20,107.14
942,2013-08-21,104.9
943,2013-08-22,103.93
944,2013-08-23,104.93
945,2013-08-26,106.48
946,2013-08-27,105.88
947,2013-08-28,109.11
948,2013-08-29,110.17
949,2013-08-30,108.51
950,2013-09-03,107.98
951,2013-09-04,108.67
952,2013-09-05,107.29
953,2013-09-06,108.5
954,2013-09-09,110.62
955,2013-09-10,109.62
956,2013-09-11,107.48
957,2013-09-12,107.65
958,2013-09-13,108.72
959,2013-09-16,108.31
960,2013-09-17,106.54
961,2013-09-18,105.36
962,2013-09-19,108.23
963,2013-09-20,106.26
964,2013-09-23,104.7
965,2013-09-24,103.62
966,2013-09-25,103.22
967,2013-09-26,102.68
968,2013-09-27,103.1
969,2013-09-30,102.86
970,2013-10-01,102.36
971,2013-10-02,102.09
972,2013-10-03,104.15
973,2013-10-04,103.29
974,2013-10-07,103.83
975,2013-10-08,103.07
976,2013-10-09,103.54
977,2013-10-10,101.63
978,2013-10-11,103.08
979,2013-10-14,102.17
980,2013-10-15,102.46
981,2013-10-16,101.15
982,2013-10-17,102.34
983,2013-10-18,100.72
984,2013-10-21,100.87
985,2013-10-22,99.28
986,2013-10-23,97.63
987,2013-10-24,96.9
988,2013-10-25,96.65
989,2013-10-28,97.4
990,2013-10-29,98.74
991,2013-10-30,98.29
992,2013-10-31,96.81
993,2013-11-01,96.29
994,2013-11-04,94.56
995,2013-11-05,94.58
996,2013-11-06,93.4
997,2013-11-07,94.74
998,2013-11-08,94.25
999,2013-11-11,94.56
1000,2013-11-12,95.13
1001,2013-11-13,93.12
1002,2013-11-14,93.91
1003,2013-11-15,93.76
1004,2013-11-18,93.8
1005,2013-11-19,93.03
1006,2013-11-20,93.35
1007,2013-11-21,93.34
1008,2013-11-22,95.35
1009,2013-11-25,94.53
1010,2013-11-26,93.86
1011,2013-11-27,93.41
1012,2013-11-29,92.05
1013,2013-12-02,92.55
1014,2013-12-03,93.61
1015,2013-12-04,95.83
1016,2013-12-05,96.97
1017,2013-12-06,97.14
1018,2013-12-09,97.48
1019,2013-12-10,97.1
1020,2013-12-11,98.32
1021,2013-12-12,97.25
1022,2013-12-13,97.21
1023,2013-12-16,96.27
1024,2013-12-17,97.18
1025,2013-12-18,96.99
1026,2013-12-19,97.59
1027,2013-12-20,98.4
1028,2013-12-23,99.11
1029,2013-12-24,98.62
1030,2013-12-26,98.87
1031,2013-12-27,99.18
1032,2013-12-30,99.94
1033,2013-12-31,98.9
1034,2014-01-02,98.17
1035,2014-01-03,95.14
1036,2014-01-06,93.66
1037,2014-01-07,93.12
1038,2014-01-08,93.31
1039,2014-01-09,91.9
1040,2014-01-10,91.36
1041,2014-01-13,92.39
1042,2014-01-14,91.45
1043,2014-01-15,92.15
1044,2014-01-16,93.78
1045,2014-01-17,93.54
1046,2014-01-21,93.96
1047,2014-01-22,94.51
1048,2014-01-23,96.35
1049,2014-01-24,97.23
1050,2014-01-27,96.66
1051,2014-01-28,95.82
1052,2014-01-29,97.49
1053,2014-01-30,97.34
1054,2014-01-31,98.25
1055,2014-02-03,97.55
1056,2014-02-04,96.44
1057,2014-02-05,97.24
1058,2014-02-06,97.4
1059,2014-02-07,97.84
1060,2014-02-10,99.98
1061,2014-02-11,100.12
1062,2014-02-12,99.96
1063,2014-02-13,100.38
1064,2014-02-14,100.27
1065,2014-02-18,100.31
1066,2014-02-19,102.54
1067,2014-02-20,103.46
1068,2014-02-21,103.2
1069,2014-02-24,102.53
1070,2014-02-25,103.17
1071,2014-02-26,102.2
1072,2014-02-27,102.93
1073,2014-02-28,102.68
1074,2014-03-03,102.88
1075,2014-03-04,105.34
1076,2014-03-05,103.64
1077,2014-03-06,101.75
1078,2014-03-07,101.82
1079,2014-03-10,102.82
1080,2014-03-11,101.39
1081,2014-03-12,100.29
1082,2014-03-13,98.29
1083,2014-03-14,98.57
1084,2014-03-17,99.23
1085,2014-03-18,98.43
1086,2014-03-19,100.08
1087,2014-03-20,100.71
1088,2014-03-21,99.68
1089,2014-03-24,99.97
1090,2014-03-25,100.05
1091,2014-03-26,99.66
1092,2014-03-27,100.61
1093,2014-03-28,101.25
1094,2014-03-31,101.73
1095,2014-04-01,101.57
1096,2014-04-02,99.69
1097,2014-04-03,99.6
1098,2014-04-04,100.29
1099,2014-04-07,101.16
1100,2014-04-08,100.43
1101,2014-04-09,102.57
1102,2014-04-10,103.55
1103,2014-04-11,103.37
1104,2014-04-14,103.68
1105,2014-04-15,104.05
1106,2014-04-16,103.7
1107,2014-04-17,103.71
1108,2014-04-21,104.33
1109,2014-04-22,104.35
1110,2014-04-23,101.69
1111,2014-04-24,101.47
1112,2014-04-25,102.2
1113,2014-04-28,100.85
1114,2014-04-29,101.13
1115,2014-04-30,101.56
1116,2014-05-01,100.07
1117,2014-05-02,99.69
1118,2014-05-05,100.09
1119,2014-05-06,99.74
1120,2014-05-07,99.81
1121,2014-05-08,101.06
1122,2014-05-09,100.52
1123,2014-05-12,100.32
1124,2014-05-13,100.89
1125,2014-05-14,102.01
1126,2014-05-15,102.63
1127,2014-05-16,101.74
1128,2014-05-19,102.31
1129,2014-05-20,102.95
1130,2014-05-21,102.8
1131,2014-05-22,104.31
1132,2014-05-23,104.03
1133,2014-05-27,105.01
1134,2014-05-28,104.78
1135,2014-05-29,103.37
1136,2014-05-30,104.26
1137,2014-06-02,103.4
1138,2014-06-03,103.07
1139,2014-06-04,103.34
1140,2014-06-05,103.27
1141,2014-06-06,103.17
1142,2014-06-09,103.32
1143,2014-06-10,105.09
1144,2014-06-11,105.02
1145,2014-06-12,105.04
1146,2014-06-13,107.2
1147,2014-06-16,107.49
1148,2014-06-17,107.52
1149,2014-06-18,106.95
1150,2014-06-19,106.64
1151,2014-06-20,107.08
1152,2014-06-23,107.95
1153,2014-06-24,106.83
1154,2014-06-25,106.64
1155,2014-06-26,107.04
1156,2014-06-27,106.49
1157,2014-06-30,106.46
1158,2014-07-01,106.07
1159,2014-07-02,106.06
1160,2014-07-03,105.18
1161,2014-07-07,104.76
1162,2014-07-08,104.19
1163,2014-07-09,104.06
1164,2014-07-10,102.93
1165,2014-07-11,103.61
1166,2014-07-14,101.48
1167,2014-07-15,101.73
1168,2014-07-16,100.56
1169,2014-07-17,101.88
1170,2014-07-18,103.84
1171,2014-07-21,103.83
1172,2014-07-22,105.34
1173,2014-07-23,104.59
1174,2014-07-24,103.81
1175,2014-07-25,102.76
1176,2014-07-28,105.23
1177,2014-07-29,105.68
1178,2014-07-30,104.91
1179,2014-07-31,104.29
1180,2014-08-01,98.23
1181,2014-08-04,97.86
1182,2014-08-05,98.26
1183,2014-08-06,97.34
1184,2014-08-07,96.93
1185,2014-08-08,97.34
1186,2014-08-11,97.61
1187,2014-08-12,98.09
1188,2014-08-13,97.36
1189,2014-08-14,97.57
1190,2014-08-15,95.54
1191,2014-08-18,97.3
1192,2014-08-19,96.44
1193,2014-08-20,94.35
1194,2014-08-21,96.4
1195,2014-08-22,93.97
1196,2014-08-25,93.61
1197,2014-08-26,95.39
1198,2014-08-27,95.78
1199,2014-08-28,95.82
1200,2014-08-29,96.44
1201,2014-09-02,97.86
1202,2014-09-03,92.92
1203,2014-09-04,95.5
1204,2014-09-05,94.51
1205,2014-09-08,93.32
1206,2014-09-09,92.64
1207,2014-09-10,92.73
1208,2014-09-11,91.71
1209,2014-09-12,92.89
1210,2014-09-15,92.18
1211,2014-09-16,92.86
1212,2014-09-17,94.91
1213,2014-09-18,94.33
1214,2014-09-19,93.07
1215,2014-09-22,92.43
1216,2014-09-23,91.46
1217,2014-09-24,91.55
1218,2014-09-25,93.6
1219,2014-09-26,93.59
1220,2014-09-29,95.55
1221,2014-09-30,94.53
1222,2014-10-01,91.17
1223,2014-10-02,90.74
1224,2014-10-03,91.02
1225,2014-10-06,89.76
1226,2014-10-07,90.33
1227,2014-10-08,88.89
1228,2014-10-09,87.29
1229,2014-10-10,85.76
1230,2014-10-13,85.87
1231,2014-10-14,85.73
1232,2014-10-15,81.72
1233,2014-10-16,81.82
1234,2014-10-17,82.33
1235,2014-10-20,82.8
1236,2014-10-21,82.76
1237,2014-10-22,83.25
1238,2014-10-23,80.52
1239,2014-10-24,82.81
1240,2014-10-27,81.27
1241,2014-10-28,81.26
1242,2014-10-29,81.36
1243,2014-10-30,82.25
1244,2014-10-31,81.06
1245,2014-11-03,80.53
1246,2014-11-04,78.77
1247,2014-11-05,77.15
1248,2014-11-06,78.71
1249,2014-11-07,77.87
1250,2014-11-10,78.71
1251,2014-11-11,77.43
1252,2014-11-12,77.85
1253,2014-11-13,77.16
1254,2014-11-14,74.13
1255,2014-11-17,75.91
1256,2014-11-18,75.64
1257,2014-11-19,74.55
1258,2014-11-20,74.55
1259,2014-11-21,75.63
1260,2014-11-24,76.52
1261,2014-11-25,75.74
1262,2014-11-26,74.04
1263,2014-11-28,73.7
1264,2014-12-01,65.94
1265,2014-12-02,68.98
1266,2014-12-03,66.99
1267,2014-12-04,67.3
1268,2014-12-05,66.73
1269,2014-12-08,65.89
1270,2014-12-09,63.13
1271,2014-12-10,63.74
1272,2014-12-11,60.99
1273,2014-12-12,60.01
1274,2014-12-15,57.81
1275,2014-12-16,55.96
1276,2014-12-17,55.97
1277,2014-12-18,56.43
1278,2014-12-19,54.18
1279,2014-12-22,56.91
1280,2014-12-23,55.25
1281,2014-12-24,56.78
1282,2014-12-26,55.7
1283,2014-12-29,54.59
1284,2014-12-30,53.46
1285,2014-12-31,54.14
1286,2015-01-02,53.45
1287,2015-01-05,52.72
1288,2015-01-06,50.05
1289,2015-01-07,47.98
1290,2015-01-08,48.69
1291,2015-01-09,48.8
1292,2015-01-12,48.35
1293,2015-01-13,46.06
1294,2015-01-14,45.92
1295,2015-01-15,48.49
1296,2015-01-16,46.37
1297,2015-01-20,48.49
1298,2015-01-21,46.79
1299,2015-01-22,47.85
1300,2015-01-23,45.93
1301,2015-01-26,45.26
1302,2015-01-27,44.8
1303,2015-01-28,45.84
1304,2015-01-29,44.08
1305,2015-01-30,44.12
1306,2015-02-02,47.79
1307,2015-02-03,49.25
1308,2015-02-04,53.04
1309,2015-02-05,48.45
1310,2015-02-06,50.48
1311,2015-02-09,51.66
1312,2015-02-10,52.99
1313,2015-02-11,50.06
1314,2015-02-12,48.8
1315,2015-02-13,51.17
1316,2015-02-17,52.66
1317,2015-02-18,53.56
1318,2015-02-19,52.13
1319,2015-02-20,51.12
1320,2015-02-23,49.95
1321,2015-02-24,49.56
1322,2015-02-25,48.48
1323,2015-02-26,50.25
1324,2015-02-27,47.65
1325,2015-03-02,49.84
1326,2015-03-03,49.59
1327,2015-03-04,50.43
1328,2015-03-05,51.53
1329,2015-03-06,50.76
1330,2015-03-09,49.61
1331,2015-03-10,49.95
1332,2015-03-11,48.42
1333,2015-03-12,48.06
1334,2015-03-13,47.12
1335,2015-03-16,44.88
1336,2015-03-17,43.93
1337,2015-03-18,43.39
1338,2015-03-19,44.63
1339,2015-03-20,44.02
1340,2015-03-23,46.0
1341,2015-03-24,47.4
1342,2015-03-25,47.03
1343,2015-03-26,48.75
1344,2015-03-27,51.41
1345,2015-03-30,48.83
1346,2015-03-31,48.66
1347,2015-04-01,47.72
1348,2015-04-02,50.12
1349,2015-04-06,49.13
1350,2015-04-07,52.08
1351,2015-04-08,53.95
1352,2015-04-09,50.44
1353,2015-04-10,50.79
1354,2015-04-13,51.63
1355,2015-04-14,51.95
1356,2015-04-15,53.3
1357,2015-04-16,56.25
1358,2015-04-17,56.69
1359,2015-04-20,55.71
1360,2015-04-21,56.37
1361,2015-04-22,55.58
1362,2015-04-23,56.17
1363,2015-04-24,56.59
1364,2015-04-27,55.98
1365,2015-04-28,55.56
1366,2015-04-29,57.05
1367,2015-04-30,58.55
1368,2015-05-01,59.62
1369,2015-05-04,59.1
1370,2015-05-05,58.92
1371,2015-05-06,60.38
1372,2015-05-07,60.93
1373,2015-05-08,58.99
1374,2015-05-11,59.41
1375,2015-05-12,59.23
1376,2015-05-13,60.72
1377,2015-05-14,60.5
1378,2015-05-15,59.89
1379,2015-05-18,59.73
1380,2015-05-19,59.44
1381,2015-05-20,57.3
1382,2015-05-21,58.96
1383,2015-05-22,60.18
1384,2015-05-26,58.88
1385,2015-05-27,57.29
1386,2015-05-28,57.51
1387,2015-05-29,57.68
1388,2015-06-01,60.3
1389,2015-06-02,60.2
1390,2015-06-03,61.26
1391,2015-06-04,59.64
1392,2015-06-05,58.0
1393,2015-06-08,59.13
1394,2015-06-09,58.14
1395,2015-06-10,60.14
1396,2015-06-11,61.43
1397,2015-06-12,60.77
1398,2015-06-15,59.96
1399,2015-06-16,59.52
1400,2015-06-17,59.97
1401,2015-06-18,59.92
1402,2015-06-19,60.45
1403,2015-06-22,59.61
1404,2015-06-23,59.68
1405,2015-06-24,61.01
1406,2015-06-25,60.27
1407,2015-06-26,59.7
1408,2015-06-29,59.63
1409,2015-06-30,58.33
1410,2015-07-01,59.47
1411,2015-07-02,56.96
1412,2015-07-06,56.93
1413,2015-07-07,52.53
1414,2015-07-08,52.33
1415,2015-07-09,51.65
1416,2015-07-10,52.78
1417,2015-07-13,52.74
1418,2015-07-14,52.2
1419,2015-07-15,53.04
1420,2015-07-16,51.41
1421,2015-07-17,50.91
1422,2015-07-20,50.89
1423,2015-07-21,50.15
1424,2015-07-22,50.36
1425,2015-07-23,49.19
1426,2015-07-24,48.45
1427,2015-07-27,48.14
1428,2015-07-28,47.39
1429,2015-07-29,47.98
1430,2015-07-30,48.79
1431,2015-07-31,48.52
1432,2015-08-03,47.12
1433,2015-08-04,45.17
1434,2015-08-05,45.74
1435,2015-08-06,45.15
1436,2015-08-07,44.66
1437,2015-08-10,43.87
1438,2015-08-11,44.96
1439,2015-08-12,43.08
1440,2015-08-13,43.3
1441,2015-08-14,42.23
1442,2015-08-17,42.5
1443,2015-08-18,41.87
1444,2015-08-19,42.62
1445,2015-08-20,40.8
1446,2015-08-21,41.14
1447,2015-08-24,40.45
1448,2015-08-25,38.24
1449,2015-08-26,39.31
1450,2015-08-27,38.6
1451,2015-08-28,42.56
1452,2015-08-31,45.22
1453,2015-09-01,49.2
1454,2015-09-02,45.41
1455,2015-09-03,46.25
1456,2015-09-04,46.75
1457,2015-09-08,46.05
1458,2015-09-09,45.94
1459,2015-09-10,44.15
1460,2015-09-11,45.92
1461,2015-09-14,44.63
1462,2015-09-15,44.0
1463,2015-09-16,44.59
1464,2015-09-17,47.15
1465,2015-09-18,46.9
1466,2015-09-21,44.68
1467,2015-09-22,46.68
1468,2015-09-23,45.83
1469,2015-09-24,44.48
1470,2015-09-25,44.91
1471,2015-09-28,45.7
1472,2015-09-29,44.43
1473,2015-09-30,45.23
1474,2015-10-01,45.09
1475,2015-10-02,44.74
1476,2015-10-05,45.54
1477,2015-10-06,46.26
1478,2015-10-07,48.53
1479,2015-10-08,47.81
1480,2015-10-09,49.43
1481,2015-10-12,49.63
1482,2015-10-13,47.1
1483,2015-10-14,46.66
1484,2015-10-15,46.64
1485,2015-10-16,46.38
1486,2015-10-19,47.26
1487,2015-10-20,45.89
1488,2015-10-21,45.55
1489,2015-10-22,45.2
1490,2015-10-23,45.38
1491,2015-10-26,44.6
1492,2015-10-27,43.98
1493,2015-10-28,43.2
1494,2015-10-29,45.94
1495,2015-10-30,46.06
1496,2015-11-02,46.59
1497,2015-11-03,46.14
1498,2015-11-04,47.9
1499,2015-11-05,46.32
1500,2015-11-06,45.2
1501,2015-11-09,44.29
1502,2015-11-10,43.87
1503,2015-11-11,44.21
1504,2015-11-12,42.93
1505,2015-11-13,41.75
1506,2015-11-16,40.74
1507,2015-11-17,41.74
1508,2015-11-18,40.67
1509,2015-11-19,40.75
1510,2015-11-20,40.54
1511,2015-11-23,40.39
1512,2015-11-24,41.75
1513,2015-11-25,42.87
1514,2015-11-27,43.04
1515,2015-11-30,41.71
1516,2015-12-01,41.65
1517,2015-12-02,41.85
1518,2015-12-03,39.94
1519,2015-12-04,41.08
1520,2015-12-07,39.97
1521,2015-12-08,37.65
1522,2015-12-09,37.51
1523,2015-12-10,37.16
1524,2015-12-11,36.76
1525,2015-12-14,35.62
1526,2015-12-15,36.31
1527,2015-12-16,37.35
1528,2015-12-17,35.52
1529,2015-12-18,34.95
1530,2015-12-21,34.73
1531,2015-12-22,34.74
1532,2015-12-23,36.14
1533,2015-12-24,37.5
1534,2015-12-28,38.1
1535,2015-12-29,36.81
1536,2015-12-30,37.87
1537,2015-12-31,36.6
1538,2016-01-04,37.04
1539,2016-01-05,36.76
1540,2016-01-06,35.97
1541,2016-01-07,33.97
1542,2016-01-08,33.27
1543,2016-01-11,33.16
1544,2016-01-12,31.41
1545,2016-01-13,30.44
1546,2016-01-14,30.48
1547,2016-01-15,31.2
1548,2016-01-19,29.42
1549,2016-01-20,28.46
1550,2016-01-21,26.55
1551,2016-01-22,29.53
1552,2016-01-25,32.19
1553,2016-01-26,30.34
1554,2016-01-27,31.45
1555,2016-01-28,32.3
1556,2016-01-29,33.22
1557,2016-02-01,33.62
1558,2016-02-02,31.62
1559,2016-02-03,29.88
1560,2016-02-04,32.28
1561,2016-02-05,31.72
1562,2016-02-08,30.89
1563,2016-02-09,29.69
1564,2016-02-10,27.94
1565,2016-02-11,27.45
1566,2016-02-12,26.21
1567,2016-02-16,29.44
1568,2016-02-17,29.04
1569,2016-02-18,30.66
1570,2016-02-19,30.77
1571,2016-02-22,29.64
1572,2016-02-23,31.48
1573,2016-02-24,31.87
1574,2016-02-25,32.15
1575,2016-02-26,33.07
1576,2016-02-29,32.78
1577,2016-03-01,33.75
1578,2016-03-02,34.4
1579,2016-03-03,34.66
1580,2016-03-04,34.57
1581,2016-03-07,35.92
1582,2016-03-08,37.9
1583,2016-03-09,36.5
1584,2016-03-10,38.29
1585,2016-03-11,37.84
1586,2016-03-14,38.5
1587,2016-03-15,37.18
1588,2016-03-16,36.34
1589,2016-03-17,38.46
1590,2016-03-18,40.2
1591,2016-03-21,39.44
1592,2016-03-22,39.91
1593,2016-03-23,41.45
1594,2016-03-24,39.79
1595,2016-03-28,39.46
1596,2016-03-29,39.39
1597,2016-03-30,38.28
1598,2016-03-31,38.32
1599,2016-04-01,38.34
1600,2016-04-04,36.79
1601,2016-04-05,35.7
1602,2016-04-06,35.89
1603,2016-04-07,37.75
1604,2016-04-08,37.26
1605,2016-04-11,39.72
1606,2016-04-12,40.36
1607,2016-04-13,42.17
1608,2016-04-14,41.76
1609,2016-04-15,41.5
1610,2016-04-18,40.36
1611,2016-04-19,39.78
1612,2016-04-20,41.08
1613,2016-04-21,42.63
1614,2016-04-22,43.18
1615,2016-04-24,43.73
1616,2016-04-25,43.15
1617,2016-04-26,42.64
1618,2016-04-27,44.04
1619,2016-04-28,45.33
1620,2016-04-29,46.03
1621,2016-05-01,45.92
1622,2016-05-02,45.48
1623,2016-05-03,44.78
1624,2016-05-04,43.65
1625,2016-05-05,43.78
1626,2016-05-06,44.32
1627,2016-05-08,44.66
1628,2016-05-09,45.44
1629,2016-05-10,43.44
1630,2016-05-11,44.66
1631,2016-05-12,46.23
1632,2016-05-13,46.7
1633,2016-05-15,46.21
1634,2016-05-16,46.8
1635,2016-05-17,47.72
1636,2016-05-18,48.31
1637,2016-05-19,48.19
1638,2016-05-20,48.16
1639,2016-05-22,47.75
1640,2016-05-23,48.14
1641,2016-05-24,48.08
1642,2016-05-25,48.62
1643,2016-05-26,49.56
1644,2016-05-27,49.48
1645,2016-05-30,49.33
1646,2016-05-31,49.6
1647,2016-06-01,49.1
1648,2016-06-02,49.01
1649,2016-06-03,49.17
1650,2016-06-06,48.62
1651,2016-06-07,49.69
1652,2016-06-08,50.36
1653,2016-06-09,51.23
1654,2016-06-10,50.56
1655,2016-06-13,49.07
1656,2016-06-14,48.88
1657,2016-06-15,48.49
1658,2016-06-16,48.01
1659,2016-06-17,46.21
1660,2016-06-20,47.98
1661,2016-06-21,49.37
1662,2016-06-22,48.85
1663,2016-06-23,49.13
1664,2016-06-24,50.11
1665,2016-06-27,47.64
1666,2016-06-28,46.33
1667,2016-06-29,47.85
1668,2016-06-30,49.88
1669,2016-07-01,48.33
1670,2016-07-04,48.99
1671,2016-07-05,48.76
1672,2016-07-06,46.6
1673,2016-07-07,47.43
1674,2016-07-08,45.14
1675,2016-07-11,45.41
1676,2016-07-12,44.76
1677,2016-07-13,46.8
1678,2016-07-14,44.75
1679,2016-07-15,45.68
1680,2016-07-18,45.95
1681,2016-07-19,45.24
1682,2016-07-20,44.65
1683,2016-07-21,44.94
1684,2016-07-22,44.75
1685,2016-07-25,44.19
1686,2016-07-26,43.13
1687,2016-07-27,42.92
1688,2016-07-28,41.92
1689,2016-07-29,41.14
1690,2016-08-01,41.6
1691,2016-08-02,40.06
1692,2016-08-03,39.51
1693,2016-08-04,40.83
1694,2016-08-05,41.93
1695,2016-08-08,41.8
1696,2016-08-09,43.02
1697,2016-08-10,42.77
1698,2016-08-11,41.71
1699,2016-08-12,43.49
1700,2016-08-15,44.49
1701,2016-08-16,45.74
1702,2016-08-17,46.58
1703,2016-08-18,46.79
1704,2016-08-19,48.22
1705,2016-08-22,48.52
1706,2016-08-23,47.05
1707,2016-08-24,48.1
1708,2016-08-25,46.77
1709,2016-08-26,47.33
1710,2016-08-29,47.64
1711,2016-08-30,46.98
1712,2016-08-31,46.35
1713,2016-09-01,44.7
1714,2016-09-02,43.16
1715,2016-09-05,44.44
1716,2016-09-06,45.17
1717,2016-09-07,44.83
1718,2016-09-08,45.5
1719,2016-09-09,47.62
1720,2016-09-12,45.88
1721,2016-09-13,46.29
1722,2016-09-14,44.9
1723,2016-09-15,43.58
1724,2016-09-16,43.91
1725,2016-09-19,43.03
1726,2016-09-20,43.3
1727,2016-09-21,43.44
1728,2016-09-22,45.34
1729,2016-09-23,46.32
1730,2016-09-26,44.48
1731,2016-09-27,45.93
1732,2016-09-28,44.67
1733,2016-09-29,47.05
1734,2016-09-30,47.83
1735,2016-10-03,48.24
1736,2016-10-04,48.81
1737,2016-10-05,48.69
1738,2016-10-06,49.83
1739,2016-10-07,50.44
1740,2016-10-10,49.81
1741,2016-10-11,51.35
1742,2016-10-12,50.79
1743,2016-10-13,50.18
1744,2016-10-14,50.44
1745,2016-10-17,50.35
1746,2016-10-18,49.94
1747,2016-10-19,50.29
1748,2016-10-20,51.6
1749,2016-10-21,50.43
1750,2016-10-24,50.85
1751,2016-10-25,50.52
1752,2016-10-26,49.96
1753,2016-10-27,49.18
1754,2016-10-28,49.72
1755,2016-10-31,48.7
1756,2016-11-01,46.86
1757,2016-11-02,46.67
1758,2016-11-03,45.34
1759,2016-11-04,44.66
1760,2016-11-07,44.07
1761,2016-11-08,44.89
1762,2016-11-09,44.98
1763,2016-11-10,45.27
1764,2016-11-11,44.66
1765,2016-11-14,43.41
1766,2016-11-15,43.32
1767,2016-11-16,45.81
1768,2016-11-17,45.57
1769,2016-11-18,45.42
1770,2016-11-21,45.69
1771,2016-11-22,47.49
1772,2016-11-23,48.03
1773,2016-11-24,47.96
1774,2016-11-25,47.98
1775,2016-11-28,46.06
1776,2016-11-29,47.08
1777,2016-11-30,45.23
1778,2016-12-01,49.44
1779,2016-12-02,51.06
1780,2016-12-05,51.68
1781,2016-12-06,51.79
1782,2016-12-07,50.93
1783,2016-12-08,49.77
1784,2016-12-09,50.84
1785,2016-12-12,51.5
1786,2016-12-13,52.83
1787,2016-12-14,52.98
1788,2016-12-15,51.04
1789,2016-12-16,50.9
1790,2016-12-19,51.9
1791,2016-12-20,52.12
1792,2016-12-21,52.23
1793,2016-12-22,52.49
1794,2016-12-23,52.95
1795,2016-12-27,53.02
1796,2016-12-28,53.9
1797,2016-12-29,54.06
1798,2016-12-30,53.77
1799,2017-01-03,53.72
1800,2017-01-04,52.33
1801,2017-01-05,53.26
1802,2017-01-06,53.76
1803,2017-01-09,53.99
1804,2017-01-10,51.96
1805,2017-01-11,50.82
1806,2017-01-12,52.25
1807,2017-01-13,53.01
1808,2017-01-16,52.37
1809,2017-01-17,52.64
1810,2017-01-18,52.48
1811,2017-01-19,51.08
1812,2017-01-20,51.37
1813,2017-01-23,52.42
1814,2017-01-24,52.75
1815,2017-01-25,53.18
1816,2017-01-26,52.75
1817,2017-01-27,53.78
1818,2017-01-30,53.17
1819,2017-01-31,52.63
1820,2017-02-01,52.81
1821,2017-02-02,53.88
1822,2017-02-03,53.54
1823,2017-02-06,53.83
1824,2017-02-07,53.01
1825,2017-02-08,52.17
1826,2017-02-09,52.34
1827,2017-02-10,53.0
1828,2017-02-13,53.86
1829,2017-02-14,52.93
1830,2017-02-15,53.2
1831,2017-02-16,53.11
1832,2017-02-17,53.36
1833,2017-02-20,53.4
1834,2017-02-21,53.69
1835,2017-02-22,54.06
1836,2017-02-23,53.59
1837,2017-02-24,54.45
1838,2017-02-27,53.99
1839,2017-02-28,54.05
1840,2017-03-01,54.01
1841,2017-03-02,53.83
1842,2017-03-03,52.61
1843,2017-03-06,53.33
1844,2017-03-07,53.2
1845,2017-03-08,53.14
1846,2017-03-09,50.28
1847,2017-03-10,49.28
1848,2017-03-13,48.49
1849,2017-03-14,48.4
1850,2017-03-15,47.72
1851,2017-03-16,48.86
1852,2017-03-17,48.75
1853,2017-03-20,48.78
1854,2017-03-21,48.22
1855,2017-03-22,47.34
1856,2017-03-23,48.04
1857,2017-03-24,47.7
1858,2017-03-27,47.97
1859,2017-03-28,47.73
1860,2017-03-29,48.37
1861,2017-03-30,49.51
1862,2017-03-31,50.35
1863,2017-04-03,50.6
1864,2017-04-04,50.24
1865,2017-04-05,51.03
1866,2017-04-06,51.15
1867,2017-04-07,51.7
1868,2017-04-10,52.24
1869,2017-04-11,53.08
1870,2017-04-12,53.4
1871,2017-04-13,53.11
1872,2017-04-17,53.18
1873,2017-04-18,52.65
1874,2017-04-19,52.41
1875,2017-04-20,50.44
1876,2017-04-21,50.27
1877,2017-04-24,49.62
1878,2017-04-25,49.23
1879,2017-04-26,49.56
1880,2017-04-27,49.62
1881,2017-04-28,48.97
1882,2017-05-01,49.33
1883,2017-05-02,48.84
1884,2017-05-03,47.66
1885,2017-05-04,47.82
1886,2017-05-05,45.52
1887,2017-05-08,46.22
1888,2017-05-09,46.43
1889,2017-05-10,45.88
1890,2017-05-11,47.33
1891,2017-05-12,47.83
1892,2017-05-15,47.84
1893,2017-05-16,48.85
1894,2017-05-17,48.66
1895,2017-05-18,49.07
1896,2017-05-19,49.35
1897,2017-05-22,50.33
1898,2017-05-23,50.73
1899,2017-05-24,51.47
1900,2017-05-25,51.36
1901,2017-05-26,48.9
1902,2017-05-29,49.8
1903,2017-05-30,49.99
1904,2017-05-31,49.66
1905,2017-06-01,48.32
1906,2017-06-02,48.36
1907,2017-06-05,47.66
1908,2017-06-06,47.4
1909,2017-06-07,48.19
1910,2017-06-08,45.72
1911,2017-06-09,45.64
1912,2017-06-12,45.83
1913,2017-06-13,46.08
1914,2017-06-14,46.46
1915,2017-06-15,44.73
1916,2017-06-16,44.46
1917,2017-06-19,44.74
1918,2017-06-20,44.2
1919,2017-06-21,43.23
1920,2017-06-22,42.53
1921,2017-06-23,42.74
1922,2017-06-26,43.01
1923,2017-06-27,43.38
1924,2017-06-28,44.24
1925,2017-06-29,44.74
1926,2017-06-30,44.93
1927,2017-07-03,46.04
1928,2017-07-04,47.07
1929,2017-07-05,47.08
1930,2017-07-06,45.13
1931,2017-07-07,45.52
1932,2017-07-10,44.23
1933,2017-07-11,44.4
1934,2017-07-12,45.04
1935,2017-07-13,45.49
1936,2017-07-14,46.08
1937,2017-07-17,46.54
1938,2017-07-18,46.02
1939,2017-07-19,46.4
1940,2017-07-20,47.12
1941,2017-07-21,46.79
1942,2017-07-24,45.77
1943,2017-07-25,46.34
1944,2017-07-26,47.89
1945,2017-07-27,48.75
1946,2017-07-28,49.04
1947,2017-07-31,49.71
1948,2017-08-01,50.17
1949,2017-08-02,49.16
1950,2017-08-03,49.59
1951,2017-08-04,49.03
1952,2017-08-07,49.58
1953,2017-08-08,49.39
1954,2017-08-09,49.17
1955,2017-08-10,49.56
1956,2017-08-11,48.59
1957,2017-08-14,48.82
1958,2017-08-15,47.59
1959,2017-08-16,47.55
1960,2017-08-17,46.78
1961,2017-08-18,47.09
1962,2017-08-21,48.51
1963,2017-08-22,47.37
1964,2017-08-23,47.64
1965,2017-08-24,48.41
1966,2017-08-25,47.43
1967,2017-08-28,47.87
1968,2017-08-29,46.57
1969,2017-08-30,46.44
1970,2017-08-31,45.96
1971,2017-09-01,47.23
1972,2017-09-04,47.29
1973,2017-09-05,47.37
1974,2017-09-06,48.66
1975,2017-09-07,49.16
1976,2017-09-08,49.09
1977,2017-09-11,47.48
1978,2017-09-12,48.07
1979,2017-09-13,48.23
1980,2017-09-14,49.3
1981,2017-09-15,49.89
1982,2017-09-18,49.89
1983,2017-09-19,49.91
1984,2017-09-20,49.48
1985,2017-09-21,50.41
1986,2017-09-22,50.55
1987,2017-09-25,50.66
1988,2017-09-26,52.22
1989,2017-09-27,51.88
1990,2017-09-28,52.14
1991,2017-09-29,51.56
1992,2017-10-02,51.67
1993,2017-10-03,50.58
1994,2017-10-04,50.42
1995,2017-10-05,49.98
1996,2017-10-06,50.79
1997,2017-10-09,49.29
1998,2017-10-10,49.58
1999,2017-10-11,50.92
2000,2017-10-12,51.3
2001,2017-10-13,50.6
2002,2017-10-16,51.45
2003,2017-10-17,51.87
2004,2017-10-18,51.88
2005,2017-10-19,52.04
2006,2017-10-20,51.29
2007,2017-10-23,51.47
2008,2017-10-24,51.9
2009,2017-10-25,52.47
2010,2017-10-26,52.18
2011,2017-10-27,52.64
2012,2017-10-30,53.9
2013,2017-10-31,54.15
2014,2017-11-01,54.38
2015,2017-11-02,54.3
2016,2017-11-03,54.54
2017,2017-11-06,55.64
2018,2017-11-07,57.35
2019,2017-11-08,57.2
2020,2017-11-09,56.81
2021,2017-11-10,57.17
2022,2017-11-13,56.74
2023,2017-11-14,56.76
2024,2017-11-15,55.7
2025,2017-11-16,55.368
2026,2017-11-17,55.224
2027,2017-11-20,56.646
2028,2017-11-21,56.354
2029,2017-11-22,56.83
2030,2017-11-24,58.02
2031,2017-11-27,58.95
2032,2017-11-28,58.11
2033,2017-11-29,57.99
2034,2017-11-30,57.3
2035,2017-12-01,57.4
2036,2017-12-04,58.36
2037,2017-12-05,57.47
2038,2017-12-06,57.62
2039,2017-12-07,55.96
2040,2017-12-08,56.69
2041,2017-12-11,57.36
2042,2017-12-12,57.99
2043,2017-12-13,57.14
2044,2017-12-14,56.6
2045,2017-12-15,57.048
2046,2017-12-18,57.312
2047,2017-12-19,57.196000000000005
2048,2017-12-20,57.54
2049,2017-12-21,58.09
2050,2017-12-22,58.36
2051,2017-12-26,58.47
2052,2017-12-27,59.97
2053,2017-12-28,59.64
2054,2017-12-29,59.84
2055,2018-01-02,60.42
2056,2018-01-03,60.37
2057,2018-01-04,61.63
2058,2018-01-05,62.01
2059,2018-01-08,61.44
2060,2018-01-09,61.73
2061,2018-01-10,62.96
2062,2018-01-11,63.57
2063,2018-01-12,63.8
2064,2018-01-16,64.3
2065,2018-01-17,63.73
2066,2018-01-18,63.96
2067,2018-01-19,63.926
2068,2018-01-22,63.333999999999996
2069,2018-01-23,63.553999999999995
2070,2018-01-24,64.47
2071,2018-01-25,65.61
2072,2018-01-26,65.51
2073,2018-01-29,66.14
2074,2018-01-30,65.56
2075,2018-01-31,64.5
2076,2018-02-01,64.73
2077,2018-02-02,65.8
2078,2018-02-05,65.45
2079,2018-02-06,64.15
2080,2018-02-07,63.39
2081,2018-02-08,61.79
2082,2018-02-09,61.15
2083,2018-02-12,59.2
2084,2018-02-13,59.29
2085,2018-02-14,59.19
2086,2018-02-15,60.582
2087,2018-02-16,61.272
2088,2018-02-20,61.602
2089,2018-02-21,61.812
2090,2018-02-22,61.68
2091,2018-02-23,62.77
2092,2018-02-26,63.55
2093,2018-02-27,63.91
2094,2018-02-28,63.01
2095,2018-03-01,61.64
2096,2018-03-02,60.99
2097,2018-03-05,61.25
2098,2018-03-06,62.57
2099,2018-03-07,62.6
2100,2018-03-08,61.15
2101,2018-03-09,60.12
2102,2018-03-12,62.04
2103,2018-03-13,61.36
2104,2018-03-14,60.71
2105,2018-03-15,60.96
2106,2018-03-16,61.202
2107,2018-03-19,62.368
2108,2018-03-20,62.102
2109,2018-03-21,63.512
2110,2018-03-22,65.17
2111,2018-03-23,64.3
2112,2018-03-26,65.88
2113,2018-03-27,65.55
2114,2018-03-28,65.25
2115,2018-03-29,64.38
2116,2018-04-02,64.94
2117,2018-04-03,63.01
2118,2018-04-04,63.51
2119,2018-04-05,63.37
2120,2018-04-06,63.54
2121,2018-04-09,62.06
2122,2018-04-10,63.42
2123,2018-04-11,65.51
2124,2018-04-12,66.82
2125,2018-04-13,67.07
2126,2018-04-16,67.39
2127,2018-04-17,66.22
2128,2018-04-18,66.518
2129,2018-04-19,68.47
2130,2018-04-20,68.314
2131,2018-04-23,68.396
2132,2018-04-24,68.64
2133,2018-04-25,67.7
2134,2018-04-26,68.05
2135,2018-04-27,68.19
2136,2018-04-30,68.1
2137,2018-05-01,68.57
2138,2018-05-02,67.25
2139,2018-05-03,67.93
2140,2018-05-04,68.43
2141,2018-05-07,69.72
2142,2018-05-08,70.73
2143,2018-05-09,69.06
2144,2018-05-10,71.14
2145,2018-05-11,71.36
2146,2018-05-14,70.7
2147,2018-05-15,70.96
2148,2018-05-16,71.31
2149,2018-05-17,71.49
2150,2018-05-18,71.506
2151,2018-05-21,71.316
2152,2018-05-22,72.306
2153,2018-05-23,72.186
2154,2018-05-24,71.84
2155,2018-05-25,70.71
2156,2018-05-29,67.88
2157,2018-05-30,66.73
2158,2018-05-31,68.21
2159,2018-06-01,67.04
2160,2018-06-04,65.81
2161,2018-06-05,64.75
2162,2018-06-06,65.52
2163,2018-06-07,64.73
2164,2018-06-08,65.95
2165,2018-06-11,65.74
2166,2018-06-12,66.1
2167,2018-06-13,66.36
2168,2018-06-14,66.64
2169,2018-06-15,66.89
2170,2018-06-18,65.018
2171,2018-06-19,65.786
2172,2018-06-20,64.968
2173,2018-06-21,65.812
2174,2018-06-22,65.54
2175,2018-06-25,68.58
2176,2018-06-26,68.08
2177,2018-06-27,70.53
2178,2018-06-28,72.76
2179,2018-06-29,73.45
2180,2018-07-02,74.15
2181,2018-07-03,73.94
2182,2018-07-05,74.14
2183,2018-07-06,72.94
2184,2018-07-09,73.8
2185,2018-07-10,73.85
2186,2018-07-11,74.11
2187,2018-07-12,70.38
2188,2018-07-13,70.33
2189,2018-07-16,71.01
2190,2018-07-17,68.06
2191,2018-07-18,67.896
2192,2018-07-19,68.35600000000001
2193,2018-07-20,68.72800000000001
2194,2018-07-23,68.7
2195,2018-07-24,67.89
2196,2018-07-25,68.52
2197,2018-07-26,69.3
2198,2018-07-27,69.61
2199,2018-07-30,68.69
2200,2018-07-31,70.13
2201,2018-08-01,68.76
2202,2018-08-02,67.66
2203,2018-08-03,68.96
2204,2018-08-06,68.49
2205,2018-08-07,69.01
2206,2018-08-08,69.17
2207,2018-08-09,66.94
2208,2018-08-10,66.81
2209,2018-08-13,67.63
2210,2018-08-14,67.2
2211,2018-08-15,67.04
2212,2018-08-16,65.01
2213,2018-08-17,65.344
2214,2018-08-20,65.63
2215,2018-08-21,65.824
2216,2018-08-22,66.142
2217,2018-08-23,67.86
2218,2018-08-24,67.83
2219,2018-08-27,68.72
2220,2018-08-28,68.87
2221,2018-08-29,68.53
2222,2018-08-30,69.51
2223,2018-08-31,70.25
2224,2018-09-03,69.8
2225,2018-09-04,70.25
2226,2018-09-05,69.87
2227,2018-09-06,68.72
2228,2018-09-07,67.77
2229,2018-09-10,67.75
2230,2018-09-11,67.54
2231,2018-09-12,69.25
2232,2018-09-13,70.37
2233,2018-09-14,68.59
2234,2018-09-17,68.99
2235,2018-09-18,68.86399999999999
2236,2018-09-19,69.74600000000001
2237,2018-09-20,70.91
2238,2018-09-21,70.416
2239,2018-09-24,70.78
2240,2018-09-25,72.08
2241,2018-09-26,72.28
2242,2018-09-27,71.57
2243,2018-09-28,72.12
2244,2018-10-01,73.25
2245,2018-10-02,75.3
2246,2018-10-03,75.23
2247,2018-10-04,76.41
2248,2018-10-05,74.33
2249,2018-10-08,74.34
2250,2018-10-09,74.29
2251,2018-10-10,74.96
2252,2018-10-11,73.17
2253,2018-10-12,70.97
2254,2018-10-15,71.34
2255,2018-10-16,71.78
2256,2018-10-17,71.92
2257,2018-10-18,69.74
2258,2018-10-19,68.67399999999999
2259,2018-10-22,69.21600000000001
2260,2018-10-23,69.322
2261,2018-10-24,66.43
2262,2018-10-25,66.82
2263,2018-10-26,67.33
2264,2018-10-29,67.59
2265,2018-10-30,67.04
2266,2018-10-31,66.18
2267,2018-11-01,65.31
2268,2018-11-02,63.69
2269,2018-11-05,63.14
2270,2018-11-06,63.1
2271,2018-11-07,62.21
2272,2018-11-08,61.67
2273,2018-11-09,60.67
2274,2018-11-12,60.19
2275,2018-11-13,59.93
2276,2018-11-14,55.69
2277,2018-11-15,56.288000000000004
2278,2018-11-16,56.548
2279,2018-11-19,56.592
2280,2018-11-20,57.111999999999995
2281,2018-11-21,53.43
2282,2018-11-23,54.63
2283,2018-11-26,50.42
2284,2018-11-27,51.63
2285,2018-11-28,51.56
2286,2018-11-29,50.29
2287,2018-11-30,51.45
2288,2018-12-03,50.93
2289,2018-12-04,52.95
2290,2018-12-05,53.25
2291,2018-12-06,52.89
2292,2018-12-07,51.49
2293,2018-12-10,52.61
2294,2018-12-11,51.0
2295,2018-12-12,51.65
2296,2018-12-13,51.15
2297,2018-12-14,52.58
2298,2018-12-17,51.254
2299,2018-12-18,50.008
2300,2018-12-19,46.456
2301,2018-12-20,47.976000000000006
2302,2018-12-21,45.88
2303,2018-12-24,45.59
2304,2018-12-26,42.53
2305,2018-12-27,46.22
2306,2018-12-28,44.61
2307,2018-12-31,45.33
2308,2019-01-02,45.41
2309,2019-01-03,46.54
2310,2019-01-04,47.09
2311,2019-01-07,47.96
2312,2019-01-08,48.52
2313,2019-01-09,49.78
2314,2019-01-10,52.36
2315,2019-01-11,52.59
2316,2019-01-14,51.59
2317,2019-01-15,50.51
2318,2019-01-16,52.11
2319,2019-01-17,52.37
2320,2019-01-18,52.18600000000001
2321,2019-01-22,53.943999999999996
2322,2019-01-23,52.922
2323,2019-01-24,52.62
2324,2019-01-25,53.13
2325,2019-01-28,53.69
2326,2019-01-29,51.99
2327,2019-01-30,53.31
2328,2019-01-31,54.23
2329,2019-02-01,53.79
2330,2019-02-04,55.26
2331,2019-02-05,54.56
2332,2019-02-06,53.66
2333,2019-02-07,54.01
2334,2019-02-08,52.64
2335,2019-02-11,52.72
2336,2019-02-12,52.41
2337,2019-02-13,53.1
2338,2019-02-14,53.9
2339,2019-02-15,54.486000000000004
2340,2019-02-19,55.746
2341,2019-02-20,56.306000000000004
2342,2019-02-21,57.111999999999995
2343,2019-02-22,56.96
2344,2019-02-25,57.26
2345,2019-02-26,55.48
2346,2019-02-27,55.5
2347,2019-02-28,56.94
2348,2019-03-01,57.22
2349,2019-03-04,55.8
2350,2019-03-05,56.59
2351,2019-03-06,56.56
2352,2019-03-07,56.22
2353,2019-03-08,56.66
2354,2019-03-11,56.07
2355,2019-03-12,56.79
2356,2019-03-13,56.87
2357,2019-03-14,58.26
2358,2019-03-15,58.61
2359,2019-03-18,58.58
2360,2019-03-19,59.206
2361,2019-03-20,59.18600000000001
2362,2019-03-21,60.15
2363,2019-03-22,59.98
2364,2019-03-25,59.04
2365,2019-03-26,58.82
2366,2019-03-27,59.94
2367,2019-03-28,59.41
2368,2019-03-29,59.3
2369,2019-04-01,60.14
2370,2019-04-02,61.59
2371,2019-04-03,62.58
2372,2019-04-04,62.46
2373,2019-04-05,62.1
2374,2019-04-08,63.08
2375,2019-04-09,64.4
2376,2019-04-10,63.98
2377,2019-04-11,64.61
2378,2019-04-12,63.58
2379,2019-04-15,63.89
2380,2019-04-16,63.4
2381,2019-04-17,64.078
2382,2019-04-18,63.803999999999995
2383,2019-04-22,64.042
2384,2019-04-23,65.58
2385,2019-04-24,66.3
2386,2019-04-25,65.89
2387,2019-04-26,65.21
2388,2019-04-29,63.3
2389,2019-04-30,63.5
2390,2019-05-01,63.91
2391,2019-05-02,63.6
2392,2019-05-03,61.81
2393,2019-05-06,61.94
2394,2019-05-07,62.25
2395,2019-05-08,61.4
2396,2019-05-09,62.12
2397,2019-05-10,61.7
2398,2019-05-13,61.66
2399,2019-05-14,61.04
2400,2019-05-15,61.78
2401,2019-05-16,62.02
2402,2019-05-17,62.908
2403,2019-05-20,62.824
2404,2019-05-21,63.166000000000004
2405,2019-05-22,63.102
2406,2019-05-23,61.42
2407,2019-05-24,57.91
2408,2019-05-28,58.63
2409,2019-05-29,59.14
2410,2019-05-30,58.81
2411,2019-05-31,56.59
2412,2019-06-03,53.5
2413,2019-06-04,53.25
2414,2019-06-05,53.48
2415,2019-06-06,51.68
2416,2019-06-07,52.59
2417,2019-06-10,53.99
2418,2019-06-11,53.26
2419,2019-06-12,53.27
2420,2019-06-13,51.14
2421,2019-06-14,52.28
2422,2019-06-17,52.51
2423,2019-06-18,51.978
2424,2019-06-19,53.983999999999995
2425,2019-06-20,53.886
2426,2019-06-21,56.986000000000004
2427,2019-06-24,57.43
2428,2019-06-25,57.9
2429,2019-06-26,57.83
2430,2019-06-27,59.38
2431,2019-06-28,59.43
2432,2019-07-01,58.47
2433,2019-07-02,59.09
2434,2019-07-03,56.25
2435,2019-07-05,57.34
2436,2019-07-08,57.51
2437,2019-07-09,57.66
2438,2019-07-10,57.83
2439,2019-07-11,60.43
2440,2019-07-12,60.2
2441,2019-07-15,60.21
2442,2019-07-16,59.58
2443,2019-07-17,57.62
2444,2019-07-18,56.808
2445,2019-07-19,55.348
2446,2019-07-22,55.708
2447,2019-07-23,56.22
2448,2019-07-24,56.77
2449,2019-07-25,55.88
2450,2019-07-26,56.02
2451,2019-07-29,56.2
2452,2019-07-30,56.87
2453,2019-07-31,58.05
2454,2019-08-01,58.58
2455,2019-08-02,53.95
2456,2019-08-05,55.66
2457,2019-08-06,54.69
2458,2019-08-07,53.63
2459,2019-08-08,51.09
2460,2019-08-09,52.54
2461,2019-08-12,54.5
2462,2019-08-13,54.93
2463,2019-08-14,57.1
2464,2019-08-15,55.23
2465,2019-08-16,54.46
2466,2019-08-19,54.846000000000004
2467,2019-08-20,56.168
2468,2019-08-21,56.172
2469,2019-08-22,55.68
2470,2019-08-23,55.35
2471,2019-08-26,54.17
2472,2019-08-27,53.64
2473,2019-08-28,54.93
2474,2019-08-29,55.78
2475,2019-08-30,56.71
2476,2019-09-03,55.1
2477,2019-09-04,53.94
2478,2019-09-05,56.26
2479,2019-09-06,56.3
2480,2019-09-09,56.52
2481,2019-09-10,57.85
2482,2019-09-11,57.4
2483,2019-09-12,55.75
2484,2019-09-13,55.09
2485,2019-09-16,54.85
2486,2019-09-17,62.9
2487,2019-09-18,59.292
2488,2019-09-19,58.082
2489,2019-09-20,58.166000000000004
2490,2019-09-23,58.09
2491,2019-09-24,58.64
2492,2019-09-25,57.29
2493,2019-09-26,56.49
2494,2019-09-27,56.41
2495,2019-09-30,55.91
2496,2019-10-01,54.07
2497,2019-10-02,53.62
2498,2019-10-03,52.64
2499,2019-10-04,52.45
2500,2019-10-07,52.81
2501,2019-10-08,52.75
2502,2019-10-09,52.63
2503,2019-10-10,52.59
2504,2019-10-11,53.55
2505,2019-10-14,54.7
2506,2019-10-15,53.59
2507,2019-10-16,52.81
2508,2019-10-17,53.36
2509,2019-10-18,53.95
2510,2019-10-21,53.816
2511,2019-10-22,53.43
2512,2019-10-23,54.416000000000004
2513,2019-10-24,55.97
2514,2019-10-25,56.23
2515,2019-10-28,56.66
2516,2019-10-29,55.81
2517,2019-10-30,55.54
2518,2019-10-31,55.06
2519,2019-11-01,54.18
2520,2019-11-04,56.2
2521,2019-11-05,56.54
2522,2019-11-06,57.23
2523,2019-11-07,56.35
2524,2019-11-08,57.15
2525,2019-11-11,57.24
2526,2019-11-12,56.86
2527,2019-11-13,56.8
2528,2019-11-14,57.12
2529,2019-11-15,56.77
2530,2019-11-18,57.742
2531,2019-11-19,57.086000000000006
2532,2019-11-20,55.294
2533,2019-11-21,57.03
